発生日時月,発生日時日,発生日時時,発生日時分,天候,路面状態,道路形状,信号機,車道幅員,道路線形,衝突地点,target
1,17,21,59,1,1,14,7,3,9,1,0
12,28,17,42,2,4,1,1,15,9,30,1
1,6,19,30,2,2,14,7,2,9,1,1
1,6,11,41,5,2,14,7,2,9,1,0
1,25,6,4,1,1,7,7,3,9,1,0
12,18,12,54,1,1,1,7,14,9,30,1
12,30,17,40,1,1,1,7,14,9,30,1
12,15,21,14,1,1,1,1,19,9,30,1
1,8,15,52,1,1,1,1,15,9,30,1
1,14,12,7,1,1,14,7,2,9,1,0
1,29,10,11,1,1,1,7,15,8,30,0
1,18,7,20,1,1,1,7,15,9,30,0
1,9,20,0,1,1,14,7,6,8,1,1
1,10,17,48,2,3,13,7,5,3,1,1
1,12,7,38,1,1,1,7,12,9,30,0
1,7,9,0,1,3,14,7,3,7,1,0
1,8,14,15,1,1,14,7,2,9,1,1
1,3,11,25,5,4,11,7,4,8,1,1
12,25,18,0,1,1,1,7,14,9,30,1
12,16,6,55,1,1,7,1,1,9,1,0
1,24,13,24,1,1,13,7,3,4,1,1
1,4,14,5,1,1,14,7,3,9,1,0
6,1,15,15,1,1,14,2,4,9,1,1
1,7,21,12,1,3,14,7,3,9,1,1
1,16,13,40,1,1,0,7,0,0,20,1
1,25,11,17,2,1,0,7,0,0,20,1
1,19,18,40,1,1,14,7,5,9,1,0
1,19,13,58,1,1,1,7,14,9,30,1
1,12,6,5,1,1,1,1,19,9,30,0
1,7,17,45,1,1,1,7,15,9,30,0
12,3,19,2,1,1,14,1,4,9,1,1
12,30,17,53,1,1,14,7,6,9,1,1
1,5,12,45,5,4,7,1,6,9,1,1
1,5,17,50,1,1,14,7,3,9,1,1
12,21,19,35,1,1,1,1,12,9,30,0
12,30,11,30,1,1,7,1,5,9,1,1
12,29,12,15,2,4,14,7,4,9,1,1
12,25,10,33,1,1,1,7,12,9,30,1
1,18,8,58,1,1,1,7,11,9,30,0
11,26,17,50,1,1,14,7,2,9,1,1
1,1,13,52,1,1,14,7,5,9,1,0
1,18,10,30,1,1,14,7,2,9,1,1
1,7,5,30,1,3,1,1,15,3,30,1
1,18,17,30,1,1,1,7,12,9,30,0
1,24,9,20,2,2,14,7,3,9,1,1
1,9,11,5,1,1,7,7,3,9,1,1
12,5,18,45,1,1,13,7,3,6,1,0
1,20,19,48,1,1,14,7,2,7,1,0
1,1,5,43,1,1,1,1,15,9,30,0
1,30,17,43,1,1,0,7,0,0,20,1
1,3,16,50,1,1,14,7,4,8,1,1
12,27,18,3,1,1,14,7,3,9,1,0
1,5,17,47,1,1,1,1,14,9,30,0
1,22,18,22,1,1,14,7,3,9,1,1
1,8,12,29,1,1,14,7,1,9,1,0
1,14,5,24,1,1,12,7,4,8,1,1
1,5,17,0,1,1,7,1,3,9,1,1
1,13,10,30,1,1,1,1,15,9,30,0
1,8,15,45,5,4,1,7,11,9,30,1
1,10,12,19,1,1,14,7,5,9,1,1
1,6,10,45,5,2,1,8,14,9,30,0
1,2,18,8,1,1,14,7,2,9,1,1
1,21,10,45,1,1,1,1,14,9,30,0
1,18,8,14,1,1,1,7,15,9,30,0
1,9,17,31,1,1,13,7,4,6,1,1
1,16,12,20,1,1,14,7,3,9,1,0
1,13,19,28,1,1,14,7,2,9,1,1
1,11,18,30,3,2,14,7,2,9,1,0
1,12,19,10,5,3,14,7,2,9,1,1
12,29,21,20,1,1,14,7,3,9,1,1
11,25,6,55,1,1,0,7,0,0,20,0
1,9,8,16,1,1,1,1,15,9,30,0
12,17,7,50,3,2,1,7,11,9,30,0
1,19,14,15,2,2,14,7,2,9,1,1
12,27,17,0,1,1,1,7,14,9,30,0
1,6,16,35,5,1,14,7,3,9,20,1
1,19,14,38,1,1,1,7,15,9,30,0
12,17,17,35,1,1,1,7,11,8,30,0
1,31,13,0,1,1,14,7,3,9,1,0
1,18,9,30,1,1,1,1,15,9,30,0
1,13,10,20,1,1,14,7,1,9,1,1
1,20,7,10,1,1,7,1,4,9,1,1
1,22,19,15,1,1,1,7,14,9,30,0
1,15,13,5,2,4,7,1,3,9,1,1
1,2,15,45,3,4,1,7,12,9,30,1
12,25,15,0,1,1,14,7,3,9,20,1
12,29,12,17,1,1,14,7,4,9,1,1
1,14,12,5,1,1,14,7,3,9,1,1
1,21,20,0,1,1,1,7,11,9,30,0
1,31,18,40,1,1,14,7,5,9,1,1
1,3,7,58,1,1,1,7,12,9,30,1
10,14,8,50,1,1,14,7,1,7,1,1
12,23,15,30,2,3,1,7,15,9,30,1
12,28,11,35,1,3,7,1,3,9,1,1
1,7,13,20,2,3,14,7,3,9,1,1
1,11,8,11,3,1,14,7,1,9,1,0
1,5,18,20,1,1,1,1,15,9,30,0
12,30,20,2,2,3,1,1,15,9,30,1
1,22,16,1,1,1,1,7,12,9,30,1
1,20,9,20,1,1,7,7,3,7,1,0
1,2,10,0,1,1,7,8,3,9,1,0
1,6,17,40,5,4,13,7,3,5,20,0
1,25,5,35,1,1,1,7,15,9,30,0
1,4,15,58,1,1,7,1,3,9,20,1
1,10,6,0,2,1,1,7,15,9,30,0
1,27,11,58,1,1,1,7,15,9,30,0
1,9,12,25,1,1,1,1,15,9,30,1
1,2,9,25,1,1,14,7,4,9,1,1
12,29,13,0,1,3,12,7,4,7,1,1
1,2,14,50,1,4,1,1,11,9,30,1
1,3,17,40,1,1,14,7,3,9,1,0
1,19,6,48,1,1,1,1,12,9,30,0
1,8,23,25,1,1,1,1,13,9,30,1
12,29,15,45,1,1,1,7,11,9,30,1
1,15,13,17,1,1,1,1,18,9,30,1
1,12,7,40,1,1,1,1,15,9,30,0
12,28,13,5,1,2,1,1,15,9,30,1
1,3,17,45,1,1,14,7,2,9,1,1
12,20,17,52,2,2,1,7,15,9,30,0
1,31,9,58,1,1,14,7,5,9,1,1
12,17,18,5,1,1,1,7,11,9,30,0
1,5,8,50,2,4,14,1,3,9,1,1
1,30,16,20,2,1,1,7,11,9,30,0
1,28,13,5,1,1,1,7,15,9,30,1
1,13,17,46,1,1,1,2,15,9,30,0
1,11,8,0,3,2,1,7,15,9,30,0
1,21,17,35,1,1,14,7,4,9,1,1
12,26,20,28,1,1,13,7,6,6,1,1
1,19,19,3,1,1,13,7,2,5,1,0
1,10,15,40,1,1,14,7,3,9,20,0
1,12,8,32,1,1,1,7,11,8,30,0
1,10,12,34,1,1,14,1,1,9,1,1
1,1,12,53,5,4,14,7,5,9,1,1
1,11,17,35,3,2,1,7,16,9,30,0
1,2,11,18,1,1,1,1,15,9,30,1
1,9,18,11,2,1,14,1,5,9,1,0
1,17,16,49,1,1,14,7,2,9,1,0
1,12,11,24,1,1,1,3,17,9,30,1
12,12,12,50,1,1,1,7,11,9,30,0
1,25,12,26,2,1,7,1,5,7,1,1
1,19,11,5,1,1,13,7,3,4,1,1
12,30,10,5,1,1,14,7,5,9,1,1
1,13,18,28,1,1,1,7,12,9,30,0
1,17,9,2,1,1,14,7,2,9,1,1
1,4,9,12,1,1,14,7,3,9,1,0
1,8,15,0,1,1,14,7,5,9,1,0
1,1,5,10,1,1,7,1,5,9,1,0
1,10,17,55,2,1,14,7,4,9,1,0
1,20,9,25,1,1,14,7,4,9,1,0
1,22,10,18,1,1,1,1,19,9,30,1
1,20,8,30,1,1,1,7,11,9,30,0
1,24,10,22,2,2,1,2,12,9,30,0
12,28,17,40,1,1,1,1,11,9,30,1
1,15,8,12,1,1,1,1,14,9,30,1
1,20,16,37,1,1,1,7,12,9,30,1
1,12,18,5,1,1,14,7,3,8,1,0
1,14,8,8,1,1,14,7,3,9,20,0
1,14,12,0,1,1,14,7,3,9,1,1
1,17,14,30,1,1,14,7,4,9,1,1
1,16,18,42,1,1,7,7,2,9,20,1
1,8,4,45,1,1,1,8,15,9,30,0
12,28,14,14,1,5,0,7,0,0,20,0
1,18,12,45,1,1,1,7,12,9,30,1
1,15,13,40,1,1,14,7,2,8,1,0
1,12,5,38,2,2,14,7,6,9,1,0
1,10,17,44,2,4,13,7,6,1,1,1
1,28,17,55,1,1,14,7,4,7,1,0
1,6,21,10,5,4,12,7,3,7,1,1
1,8,19,40,1,1,1,7,11,8,30,0
1,2,9,50,1,1,7,1,5,9,1,0
12,27,11,30,1,1,14,7,3,9,1,0
1,12,7,45,5,3,1,7,15,9,30,1
1,21,11,55,2,3,7,7,4,9,1,0
12,17,20,20,5,2,1,1,14,9,30,0
12,26,17,15,1,1,1,1,18,9,30,1
1,22,12,36,1,1,14,7,4,9,20,0
12,27,20,45,1,1,14,7,4,7,1,0
12,29,11,47,2,1,14,7,3,9,1,1
1,28,12,20,1,1,14,7,3,9,1,0
12,24,20,35,2,3,7,7,5,9,1,1
12,29,22,6,1,1,1,1,15,9,30,1
12,3,17,55,1,1,1,7,11,1,30,0
12,29,17,15,1,1,14,7,3,9,1,0
1,25,15,50,2,1,1,7,11,9,30,0
1,11,12,45,3,2,14,7,3,9,1,1
1,29,17,33,1,1,7,1,5,8,1,1
1,19,11,55,1,1,14,7,3,9,1,0
1,10,18,9,2,1,14,7,3,9,1,1
12,13,11,35,1,1,14,7,3,9,1,1
1,5,13,35,1,1,14,7,2,9,20,0
1,2,13,43,1,1,14,7,3,9,1,1
1,6,16,55,5,4,14,7,2,8,1,1
1,2,15,57,3,2,7,1,5,9,1,1
1,29,6,25,2,1,1,1,19,9,30,0
1,13,13,25,5,2,1,7,16,9,30,1
12,30,12,18,1,1,11,7,3,9,1,1
12,31,11,49,1,4,1,1,15,9,30,1
1,19,7,25,1,1,1,7,11,9,30,0
1,8,14,6,1,1,14,7,5,9,1,0
1,31,22,40,1,1,7,1,5,7,1,0
1,12,7,5,1,1,1,1,15,9,30,0
1,7,11,14,2,2,7,1,4,9,1,0
1,1,16,0,1,1,14,7,6,9,1,1
1,8,18,25,1,1,14,7,3,9,1,1
1,25,7,57,1,1,1,2,11,7,30,0
1,3,13,50,2,3,14,1,6,9,1,1
1,21,20,10,1,1,14,7,3,9,1,0
1,14,17,47,1,1,7,7,3,9,1,1
12,29,6,40,1,1,14,7,3,9,1,1
1,18,11,58,1,1,7,7,3,8,1,0
12,16,20,43,3,2,1,1,15,9,30,0
1,12,8,10,5,3,7,7,3,9,1,0
1,23,5,42,1,1,7,1,3,9,1,1
12,2,18,44,1,2,1,7,11,9,30,0
1,14,17,47,1,1,1,7,12,9,30,0
1,12,17,3,1,1,14,7,4,9,1,0
1,24,14,3,1,1,1,7,16,9,30,0
1,18,14,45,1,1,7,1,5,9,1,0
1,1,14,0,1,1,1,7,11,9,30,0
1,9,15,10,2,1,14,7,3,9,1,1
1,27,8,5,1,1,1,1,15,9,30,0
1,15,8,35,1,1,1,7,15,8,30,1
1,9,13,0,2,1,1,7,15,9,30,1
1,27,10,47,1,1,14,7,4,9,1,1
1,24,5,45,2,1,1,8,15,9,30,0
1,7,19,30,5,4,1,1,14,9,30,1
1,3,14,12,2,4,13,7,4,5,1,1
1,2,10,50,1,1,14,7,4,9,1,1
1,17,7,32,1,1,14,7,3,9,1,1
1,15,15,40,1,1,1,7,12,9,30,0
1,18,22,12,1,1,1,1,12,9,30,0
1,30,16,38,2,1,1,7,11,9,30,0
1,17,7,47,1,1,1,7,15,9,30,1
1,20,18,10,1,1,14,7,3,9,1,1
1,8,16,54,1,1,1,7,15,9,30,1
12,18,18,55,5,3,7,7,3,9,1,1
12,12,18,57,3,2,1,1,19,9,30,0
1,26,16,20,1,1,14,7,3,7,1,1
1,8,17,4,1,1,1,1,15,9,30,1
1,26,10,37,1,1,14,7,5,9,1,1
1,5,8,25,1,1,14,7,3,9,1,1
12,24,20,57,1,1,1,7,15,9,30,0
1,18,15,35,1,1,1,7,12,9,30,0
1,8,13,4,1,1,14,7,3,9,1,0
1,2,11,50,1,1,14,7,4,9,1,0
1,3,23,39,1,1,1,1,19,9,30,1
1,10,12,55,2,1,1,7,11,9,30,0
1,28,17,40,1,1,13,7,4,1,1,0
1,12,7,17,5,3,14,7,5,9,1,1
1,26,11,39,2,1,1,7,12,9,30,1
1,8,11,36,1,1,1,1,15,9,30,0
12,8,20,5,3,2,13,7,3,6,1,1
1,12,8,15,1,1,14,7,3,9,1,0
12,24,9,15,1,1,1,7,15,9,30,0
1,15,10,15,1,1,14,7,3,9,1,0
1,21,11,57,1,4,0,7,0,0,20,1
1,24,11,42,1,1,0,7,0,0,20,0
1,2,12,53,1,4,14,7,3,9,20,1
1,10,7,13,1,1,14,7,3,9,1,1
1,4,18,20,1,1,14,7,4,9,1,0
1,8,16,20,1,1,1,7,14,8,30,0
1,19,21,20,1,1,1,7,12,9,30,1
1,28,7,40,1,1,1,7,12,9,30,0
1,13,16,0,1,1,1,1,15,9,30,1
1,7,9,34,1,3,7,7,3,9,1,1
1,5,18,40,1,1,14,7,5,9,1,0
12,6,17,58,2,2,14,7,4,9,1,0
1,10,19,16,1,1,1,1,16,9,30,1
1,4,15,43,5,3,14,7,3,8,1,1
1,8,13,45,1,1,1,1,15,9,30,0
1,12,9,30,1,1,1,8,16,9,30,0
1,17,9,45,1,1,1,7,12,8,30,1
1,2,14,30,2,1,13,7,3,6,1,1
1,7,10,52,1,1,1,7,15,9,30,1
1,19,11,40,2,1,1,7,15,9,30,0
1,12,9,35,1,1,14,7,5,9,1,0
1,6,16,25,5,3,14,7,3,9,1,1
11,19,12,27,1,1,14,7,4,9,1,1
12,26,8,15,1,1,14,7,1,9,1,1
12,31,5,30,1,1,7,1,5,9,1,0
1,9,12,33,1,1,14,7,3,9,1,0
1,11,12,16,3,2,14,7,3,9,1,1
1,18,8,50,1,1,1,7,12,9,30,0
1,31,12,43,1,1,1,1,15,9,30,0
12,20,6,20,1,1,1,7,12,4,30,1
1,7,6,25,1,3,14,7,6,9,1,1
12,29,6,35,1,2,14,7,3,9,1,0
1,20,20,51,1,1,1,7,15,9,30,0
1,5,16,56,1,3,14,7,3,9,1,1
1,3,14,0,1,3,1,2,15,9,30,1
1,24,9,50,1,1,14,7,2,9,1,1
1,31,15,15,1,1,1,7,13,9,30,0
12,24,15,45,1,1,14,7,3,9,1,1
10,11,12,10,1,1,11,7,3,9,1,1
1,29,11,40,2,1,14,7,3,9,1,1
1,22,14,20,1,1,1,1,15,9,30,1
12,24,18,40,1,1,14,7,5,9,1,1
1,21,13,50,1,1,1,1,15,9,30,0
1,24,11,56,1,1,1,1,15,9,30,1
1,23,12,22,1,4,1,1,14,9,30,1
12,14,10,33,1,1,0,7,0,0,20,1
12,29,13,50,1,1,14,7,1,9,1,1
1,14,10,50,1,1,1,7,12,9,30,1
12,29,21,13,1,1,7,7,6,9,1,1
1,12,19,6,1,1,1,1,18,9,30,0
1,7,10,40,1,3,7,1,4,9,1,1
1,27,12,40,1,1,7,7,3,9,1,0
1,7,5,53,1,3,14,7,3,9,1,0
1,10,21,4,1,1,1,1,18,9,30,1
1,21,2,48,1,1,1,3,15,9,30,1
1,8,7,50,1,1,1,8,19,9,30,0
1,20,5,25,5,4,1,7,15,9,30,0
1,6,18,7,1,2,1,1,13,9,30,0
1,20,17,15,1,1,13,7,5,4,1,1
1,2,9,58,1,1,1,7,11,9,30,1
1,6,0,9,1,1,14,7,5,9,1,0
1,27,17,27,1,1,0,7,0,0,20,0
1,3,17,45,1,1,14,7,5,9,1,1
1,20,17,45,1,1,14,7,5,9,1,1
1,21,12,50,1,1,13,7,3,6,20,0
1,25,8,0,1,1,7,1,3,7,1,0
12,21,19,5,1,1,1,7,15,8,30,0
1,7,17,15,1,1,7,7,3,7,1,0
12,29,14,24,1,2,7,1,3,9,1,1
1,20,11,53,1,1,13,7,3,4,1,0
1,12,10,34,1,1,1,7,14,9,30,0
1,5,22,5,1,1,7,1,3,9,1,0
12,31,16,10,1,1,0,7,0,0,20,1
1,21,7,0,1,1,1,7,18,9,30,1
1,21,14,15,1,1,7,7,3,8,1,0
1,19,18,30,1,1,1,7,15,9,30,0
1,4,17,20,1,1,1,1,15,9,30,0
1,3,8,25,1,1,1,1,18,9,30,1
12,27,14,35,1,1,7,1,1,9,1,1
12,30,12,35,1,1,1,7,15,9,30,1
1,24,0,50,1,1,14,7,3,9,1,1
1,4,10,25,1,3,1,1,18,9,30,1
1,6,17,10,5,2,14,7,4,9,1,0
1,1,10,20,1,3,13,7,6,6,1,1
1,9,17,5,1,2,1,7,15,9,30,1
1,7,16,10,1,1,1,1,15,9,30,1
12,2,19,25,3,1,1,7,13,9,30,1
1,24,17,25,1,1,1,7,15,9,30,0
12,25,14,4,1,1,14,7,3,7,20,0
1,14,8,7,3,2,14,7,6,9,1,0
1,27,17,35,1,1,1,1,15,9,30,0
1,21,5,36,1,1,1,1,14,8,30,1
1,28,18,45,1,1,14,7,6,8,1,1
1,25,7,5,1,1,1,1,15,9,30,0
1,13,17,5,2,4,13,7,3,3,1,0
1,23,11,30,1,1,14,7,4,9,1,1
1,10,15,43,1,1,1,7,12,9,30,1
1,20,21,37,1,1,14,7,4,9,1,0
1,6,16,53,5,4,14,7,4,9,1,1
1,20,18,22,1,1,14,7,3,9,20,1
1,14,7,58,1,1,7,7,3,8,1,0
12,25,13,10,1,1,14,7,5,9,1,1
1,7,10,8,5,3,7,7,5,9,1,1
1,18,15,5,2,2,14,7,6,8,1,1
1,14,17,23,5,2,1,2,15,9,30,0
1,15,15,52,1,1,14,7,4,9,1,1
1,13,13,54,5,2,1,7,15,9,30,0
1,14,17,40,1,1,14,7,4,9,1,1
1,13,17,45,1,1,1,7,12,9,30,0
11,30,8,32,1,1,1,7,15,9,30,1
1,7,7,58,1,3,13,7,3,4,1,0
1,26,8,32,1,2,14,7,3,9,1,0
1,3,18,10,1,1,1,7,15,9,30,1
12,26,15,45,1,1,14,7,3,9,1,0
1,8,18,45,1,1,7,7,3,9,1,0
1,1,9,9,1,1,1,7,12,9,30,1
1,25,13,45,2,1,7,1,4,9,1,1
1,18,16,30,1,1,14,7,2,9,1,0
1,20,18,25,1,1,14,7,3,9,1,0
1,29,10,25,1,1,14,7,3,9,1,0
12,27,9,5,1,1,1,7,13,9,30,0
12,12,13,15,1,1,7,1,5,9,1,1
1,30,14,20,2,1,14,7,3,8,1,0
12,28,17,4,5,3,7,1,3,9,1,1
1,8,14,45,1,1,1,1,12,9,30,0
1,21,11,59,1,1,14,7,2,9,20,0
1,7,8,0,1,3,13,7,2,5,1,1
1,5,14,48,1,1,1,8,18,9,30,0
1,28,12,5,1,1,14,7,2,9,1,0
1,22,21,55,1,1,1,1,15,9,30,0
1,4,5,52,1,1,14,7,3,9,1,1
12,16,17,12,2,1,1,7,15,9,30,1
1,19,8,50,5,4,1,7,12,9,30,0
1,6,15,45,5,2,14,7,3,9,20,1
1,13,17,35,2,1,14,7,3,9,1,0
1,4,13,0,1,1,14,7,5,9,1,1
1,25,15,10,2,1,13,7,4,3,1,1
12,25,18,33,1,1,7,7,4,9,1,1
12,19,17,55,1,1,14,7,4,9,1,1
1,11,8,35,2,3,0,7,0,0,20,1
1,2,21,25,5,2,7,3,4,9,1,1
1,20,17,55,1,1,14,7,3,9,1,0
1,12,7,20,1,2,14,7,3,9,1,0
12,27,16,10,2,4,1,7,17,9,30,1
1,13,8,30,1,1,14,7,4,9,1,0
1,15,11,52,1,1,7,7,3,9,1,0
1,9,15,0,2,4,1,1,12,9,30,1
1,9,12,41,1,1,14,7,4,9,1,1
1,26,17,45,1,1,13,7,3,1,1,0
1,23,11,55,2,2,7,1,3,9,1,1
1,7,10,40,1,1,1,7,15,9,30,0
11,22,18,25,3,2,14,7,3,9,1,1
1,14,18,50,1,1,1,1,16,9,30,0
1,28,11,20,2,1,14,7,3,9,1,0
1,15,17,25,1,1,1,7,11,8,30,0
1,25,14,35,2,1,1,7,15,7,30,1
1,4,11,56,1,1,1,7,12,9,30,1
1,31,10,52,1,1,14,7,5,9,1,1
1,24,20,32,1,1,14,7,3,9,1,0
1,6,0,57,1,1,13,7,5,6,1,1
1,20,14,23,1,1,14,7,4,8,1,1
12,22,16,20,1,1,1,1,15,9,30,1
1,12,5,43,1,1,1,1,15,9,30,0
1,1,15,12,1,1,7,7,4,8,1,1
1,18,12,15,1,1,7,7,3,9,1,1
1,4,11,39,1,1,1,7,11,9,30,0
1,7,9,50,1,1,1,7,14,9,30,0
1,20,18,12,1,1,0,7,0,0,20,0
1,22,9,58,2,2,0,7,0,0,20,1
1,4,16,25,5,3,13,7,3,5,1,1
1,10,11,35,2,2,13,7,4,5,1,0
1,30,7,35,1,1,14,7,4,9,1,1
1,2,11,0,1,4,14,7,4,9,1,1
1,4,7,56,1,1,1,7,14,9,30,1
1,7,15,40,1,1,1,7,12,9,30,0
1,24,8,35,1,1,14,7,5,9,1,0
1,22,18,5,1,1,37,1,1,9,1,0
1,13,15,15,1,1,1,7,14,3,30,0
1,17,19,40,5,4,1,7,15,9,30,0
1,10,11,10,2,1,1,1,15,9,30,1
1,17,7,35,1,1,1,7,12,9,30,0
1,8,18,30,1,1,1,7,11,9,30,1
1,28,11,32,2,1,14,7,2,9,1,0
1,6,18,5,5,4,13,7,3,5,1,0
1,12,21,35,1,1,1,1,15,9,30,0
12,18,10,55,5,4,13,7,3,3,1,1
1,15,7,20,1,1,14,7,1,9,1,1
12,28,8,53,1,4,7,2,5,9,1,1
1,24,10,0,1,1,7,1,2,9,1,1
12,23,14,5,1,1,13,7,3,6,20,1
1,19,8,35,1,1,14,7,3,9,1,0
1,6,16,50,5,4,7,1,3,9,1,1
1,18,9,50,1,1,14,7,3,9,1,0
1,11,18,15,3,2,1,1,15,7,30,0
12,31,14,20,1,1,1,7,14,9,30,1
1,16,17,55,1,1,14,7,5,9,1,1
1,22,14,0,1,1,0,7,0,0,20,1
1,31,11,5,1,1,1,7,12,9,30,0
1,6,8,30,2,1,14,7,4,9,1,0
1,18,8,14,1,1,1,1,16,9,30,0
12,13,15,25,1,1,14,7,5,9,1,1
12,29,0,0,2,4,14,1,4,9,1,0
1,15,17,20,1,1,1,7,16,9,30,0
1,5,6,35,1,1,14,7,2,9,1,0
1,11,11,50,2,1,14,7,2,9,1,1
1,11,19,16,2,2,1,1,15,9,30,0
1,27,9,40,1,1,14,7,3,9,1,0
1,17,9,10,1,1,14,7,2,8,1,0
12,1,6,24,3,2,1,1,19,9,30,0
12,29,20,47,1,1,14,7,4,9,1,1
1,1,14,30,1,1,7,1,3,9,1,1
1,21,10,50,1,1,14,7,4,8,1,1
1,5,13,50,1,4,14,7,3,9,1,1
1,31,15,15,1,1,14,7,4,9,1,0
1,26,18,50,1,1,1,7,12,9,30,0
12,3,17,20,2,1,1,7,15,9,30,0
11,24,8,15,1,1,1,1,15,9,30,1
1,23,17,14,1,1,14,7,2,9,1,0
1,7,16,20,1,1,1,7,15,9,30,0
12,17,12,18,1,1,14,1,4,9,1,1
1,4,23,10,1,1,14,7,3,9,1,0
1,4,4,21,1,1,0,7,0,0,20,0
1,15,15,45,1,1,14,7,3,9,1,1
1,11,8,5,3,2,14,7,2,9,1,0
1,12,6,25,1,1,1,1,12,9,30,0
1,22,12,44,2,1,7,1,3,9,1,1
1,29,14,20,1,1,14,7,2,9,20,0
1,12,17,55,1,1,13,7,5,3,1,0
12,15,10,10,1,1,14,7,5,9,1,1
1,13,10,2,1,1,14,1,4,9,1,1
12,11,14,20,3,1,11,7,3,9,1,1
1,23,2,30,1,1,1,8,15,9,30,0
1,17,9,5,2,1,1,7,15,9,30,0
1,6,16,55,5,3,14,7,5,9,1,1
12,30,18,30,1,1,1,1,15,9,30,0
1,28,18,50,1,1,1,7,13,6,30,0
12,21,11,45,1,2,1,7,15,9,30,1
12,24,13,3,1,1,14,7,4,9,1,1
1,16,16,25,1,1,1,1,12,9,30,0
1,15,10,50,2,1,1,7,11,7,30,0
12,14,18,10,1,1,14,7,4,9,1,0
1,2,13,1,1,1,1,1,14,9,30,1
1,1,15,30,1,1,1,7,15,9,30,1
12,28,15,0,2,4,7,7,3,9,1,1
1,9,14,59,5,3,12,7,3,8,1,1
1,28,17,45,1,1,14,7,1,9,1,0
1,29,17,40,1,1,14,7,5,9,1,0
1,3,16,29,2,1,1,7,15,9,30,1
1,10,8,24,2,1,1,1,15,8,30,1
11,29,21,0,1,1,0,7,0,0,20,0
1,2,15,35,2,1,1,7,13,9,30,0
1,29,11,35,1,1,14,7,2,8,1,1
1,17,6,0,1,1,14,7,5,9,1,1
1,19,11,5,5,4,1,7,15,9,30,0
1,2,12,55,1,1,1,7,11,9,30,1
12,20,16,55,3,2,1,7,12,9,30,0
1,22,13,40,1,1,1,7,12,9,30,0
12,30,22,33,1,1,7,1,4,9,1,1
1,12,8,5,1,1,14,7,4,9,1,0
1,18,10,44,1,3,14,7,3,9,1,1
1,27,7,45,1,1,1,7,14,8,30,1
1,12,11,7,5,3,13,7,3,3,1,1
1,2,19,30,3,2,1,7,12,9,30,0
12,27,9,15,5,4,14,1,4,9,1,1
1,7,0,3,2,3,14,7,3,9,1,1
12,30,20,56,5,2,1,7,14,9,30,0
1,24,15,30,1,1,14,7,5,8,1,1
1,26,6,7,3,1,14,7,3,9,1,1
1,31,8,35,1,1,1,7,15,9,30,0
1,24,8,35,1,1,1,1,15,9,30,0
12,25,17,57,2,1,14,7,3,9,1,1
1,12,10,30,1,1,1,7,11,9,30,1
12,27,8,22,5,3,1,1,18,9,30,0
1,12,14,35,1,1,1,7,16,9,30,0
12,30,17,20,1,1,14,7,2,9,1,0
1,6,17,37,1,1,13,7,2,6,1,0
1,14,17,10,1,1,14,7,4,9,1,1
1,27,8,50,1,1,1,7,11,9,30,1
1,1,15,50,2,3,1,7,15,9,30,1
12,30,2,0,1,1,14,7,3,9,1,1
1,13,8,50,1,3,7,1,3,9,1,1
12,29,17,0,2,3,14,7,3,9,1,1
1,17,14,55,1,1,1,7,15,5,30,0
12,21,7,49,3,2,14,7,3,9,1,0
1,12,9,25,1,1,1,7,11,9,30,1
12,20,11,10,1,1,14,7,3,9,1,0
1,19,18,15,1,1,1,8,18,9,30,1
1,30,15,19,2,1,1,7,11,8,30,1
12,31,10,6,1,1,0,7,0,0,20,1
11,28,12,55,1,1,7,1,6,9,1,1
1,4,17,30,1,1,14,7,5,9,1,0
1,12,13,40,1,1,1,1,15,9,30,0
1,23,12,50,1,1,7,7,3,9,1,1
12,28,2,40,5,4,1,1,15,9,30,0
12,28,7,31,5,4,1,1,14,9,30,0
1,5,9,57,1,1,7,7,3,9,1,1
1,13,17,49,1,1,14,7,6,9,1,1
12,18,13,55,1,4,13,7,3,5,1,1
1,13,15,57,2,1,14,7,4,9,1,0
1,4,10,30,1,1,1,1,19,9,30,0
12,15,11,30,1,1,14,7,4,9,1,0
12,9,23,44,1,5,0,7,0,0,20,1
1,7,8,55,1,3,1,1,15,9,30,1
1,5,13,29,1,1,14,7,3,9,1,1
12,18,17,30,2,3,1,1,19,9,30,1
1,1,9,10,1,1,1,1,15,9,30,0
1,9,23,0,1,1,1,7,15,9,30,0
1,27,14,30,1,1,14,7,5,9,1,0
1,31,8,35,1,1,1,1,15,9,30,0
1,5,8,15,1,1,0,7,0,0,20,1
12,19,15,53,1,1,14,7,3,8,1,1
1,13,16,5,1,1,1,1,15,9,30,1
1,11,10,11,5,1,1,2,14,9,30,1
1,23,16,40,1,1,14,7,1,9,1,1
1,1,5,30,1,1,11,7,3,9,1,1
1,6,11,25,1,2,14,7,3,9,1,1
1,28,8,10,1,1,14,7,3,9,20,0
1,12,9,9,1,1,7,2,3,9,1,1
1,27,13,50,1,1,1,7,16,9,30,1
12,20,17,30,1,1,1,7,12,9,30,1
1,7,19,38,2,3,14,7,5,9,1,1
1,12,11,55,1,1,14,7,4,8,1,1
1,6,7,0,2,1,1,7,15,9,30,0
1,14,18,16,5,3,14,7,3,8,1,1
1,15,17,20,1,1,14,7,4,9,1,1
1,14,8,7,1,1,0,7,0,0,20,1
1,23,14,5,1,2,1,7,15,9,30,1
12,30,14,50,5,3,13,7,3,5,1,1
1,25,8,10,1,1,1,1,15,9,30,0
1,14,17,30,1,1,14,7,3,9,1,0
1,21,19,50,1,1,14,7,3,9,1,1
1,24,14,10,1,1,14,7,3,9,1,1
1,22,13,53,1,1,13,7,3,6,1,0
1,14,18,3,1,1,14,7,3,9,1,0
1,7,10,30,1,3,14,7,5,8,1,1
12,29,15,4,2,2,1,1,14,9,30,0
1,3,10,48,2,2,1,1,16,9,30,0
1,27,23,27,1,1,1,1,15,9,30,0
1,17,17,40,1,1,14,7,5,9,1,1
1,14,8,38,1,1,1,4,15,9,30,0
12,22,17,26,1,1,14,7,3,9,1,0
12,30,16,0,5,4,1,7,11,9,30,1
1,25,17,35,1,1,1,8,19,9,30,0
12,24,14,34,1,2,13,7,3,3,1,0
12,30,12,0,2,2,1,1,15,9,30,1
1,6,17,43,5,4,7,1,5,9,1,1
1,12,10,15,1,1,0,7,0,0,20,0
1,25,8,2,1,1,1,7,12,9,30,0
1,5,15,28,1,1,14,7,3,9,1,0
1,13,18,29,5,4,0,7,0,0,20,0
1,12,9,40,1,1,1,7,15,8,30,0
12,19,17,40,1,1,14,7,2,9,1,1
1,21,10,18,1,1,14,7,3,8,20,0
1,13,8,5,1,1,14,7,3,8,1,0
1,30,14,30,1,1,14,7,3,9,1,1
1,4,7,33,1,1,1,1,12,9,30,0
1,13,12,5,1,1,7,1,1,9,1,1
1,3,10,43,1,3,13,7,3,4,1,1
1,20,8,26,1,1,14,7,2,9,1,0
1,6,17,40,5,4,1,7,12,9,30,0
1,9,11,0,2,4,7,7,2,9,1,1
12,25,13,25,5,2,13,7,3,1,1,0
1,31,8,5,1,1,14,7,2,9,1,1
1,17,15,55,1,1,1,7,15,9,30,0
1,22,10,20,1,1,14,7,3,9,1,0
1,4,16,30,5,3,13,7,3,5,1,1
1,31,16,20,1,1,1,7,12,9,30,0
1,13,9,20,5,3,7,1,5,9,20,1
1,14,15,8,2,3,1,7,12,9,30,1
1,9,9,20,1,1,7,7,2,2,1,1
12,6,8,25,2,1,14,7,5,9,1,1
1,6,12,29,5,2,1,1,15,9,30,0
1,16,6,25,1,1,14,7,3,9,20,0
1,18,9,20,5,4,1,7,13,9,30,1
1,19,19,35,1,1,14,7,2,9,1,0
1,14,8,35,1,1,14,7,6,7,1,0
1,31,13,0,1,1,14,7,3,9,1,0
1,21,17,50,1,1,1,7,14,9,30,0
1,12,15,30,1,1,14,7,3,9,1,0
12,29,12,40,1,1,7,7,3,9,1,1
1,9,9,5,1,1,1,8,16,9,30,1
1,4,16,8,5,3,13,7,3,6,1,1
1,4,20,58,1,1,1,7,11,9,30,0
12,9,8,20,1,1,1,1,15,9,30,0
1,18,7,50,1,1,7,7,2,9,1,0
12,23,18,7,1,1,1,7,15,9,30,0
1,19,12,13,1,1,0,7,0,0,20,1
1,18,7,55,1,1,14,7,6,9,1,1
1,3,20,5,1,1,7,1,4,9,1,1
1,4,10,30,1,1,1,7,13,9,30,0
1,5,10,38,1,4,1,7,11,9,30,0
12,31,18,5,1,3,1,1,14,9,30,1
1,15,12,20,1,1,1,7,15,9,30,0
1,28,7,55,1,1,1,7,12,9,30,0
1,17,9,0,1,1,14,7,6,9,1,0
1,25,8,20,1,1,1,7,14,9,30,0
12,29,14,52,1,1,1,1,14,9,30,1
1,22,23,5,1,1,1,1,15,9,30,1
1,6,17,6,5,4,14,7,4,8,1,1
1,8,17,20,1,1,12,7,3,8,20,1
1,3,15,20,1,1,0,7,0,0,20,1
1,7,8,45,1,3,14,7,3,9,1,0
1,12,16,25,2,2,14,7,3,9,1,0
1,15,8,30,1,1,1,1,15,9,30,0
1,13,10,20,1,1,1,1,16,9,30,0
1,6,16,30,5,3,7,7,3,9,1,1
1,12,14,28,1,1,1,7,16,9,30,1
12,9,12,17,1,1,1,1,15,9,30,1
1,9,16,48,1,1,1,7,17,9,30,1
12,26,14,13,2,1,14,7,4,9,1,0
1,20,18,10,1,1,14,7,3,9,1,0
12,27,9,20,1,1,7,7,1,9,1,0
1,9,11,50,1,1,14,7,3,9,1,0
1,4,14,20,1,1,1,7,12,9,30,0
1,7,18,0,1,1,14,7,4,9,1,0
1,14,8,22,1,1,14,7,3,9,1,1
1,17,13,50,1,1,1,1,16,9,30,1
1,21,17,5,1,1,1,1,12,9,30,0
12,28,14,0,1,1,0,7,0,0,20,1
1,6,16,30,5,3,14,7,2,9,1,1
1,11,16,45,1,1,14,7,4,9,1,1
1,9,11,30,1,1,14,7,3,8,1,0
1,7,8,10,1,3,14,7,2,9,1,0
1,11,7,25,3,2,14,7,4,9,1,1
1,5,16,30,1,1,1,1,16,7,30,1
1,13,6,28,1,1,0,7,0,0,20,1
1,5,21,7,1,1,1,1,15,9,30,0
1,19,8,42,1,1,1,1,15,9,30,0
1,15,14,50,1,1,14,7,4,7,1,1
1,7,14,38,1,1,1,7,15,9,30,1
1,1,12,22,1,1,14,7,2,8,1,1
12,18,16,4,1,1,14,7,1,9,1,1
1,5,7,4,1,1,1,7,15,9,30,0
1,7,4,50,2,3,13,7,4,5,1,0
12,30,11,10,2,4,1,7,14,9,30,1
1,3,12,45,1,1,14,7,3,9,1,1
12,25,15,45,1,1,14,7,3,7,1,1
1,30,17,48,1,1,1,1,16,9,30,0
1,5,13,5,2,1,1,1,15,9,30,0
1,14,11,10,1,1,14,7,3,9,1,1
1,18,12,35,1,1,1,1,19,9,30,1
1,21,17,15,1,1,1,1,17,9,30,0
1,21,5,29,1,1,7,7,3,8,1,1
1,2,9,50,2,2,7,7,3,9,1,1
12,29,18,59,1,1,14,7,5,9,1,1
1,19,10,35,2,1,14,7,4,9,1,1
12,29,17,42,5,2,1,1,15,9,30,1
1,7,16,29,1,1,7,7,3,9,1,1
1,22,13,30,2,2,14,7,3,9,1,0
12,31,17,38,5,3,7,7,4,9,1,1
12,27,11,30,5,3,14,7,4,9,1,1
1,5,15,59,1,1,1,1,15,9,30,0
1,5,13,55,1,1,1,7,15,9,30,0
1,9,4,25,1,1,7,1,3,9,1,1
1,5,21,28,2,3,14,1,4,9,1,1
12,30,7,0,3,2,1,7,15,9,30,0
12,25,19,40,5,3,14,7,3,9,1,0
1,20,13,40,1,1,1,2,19,9,30,1
1,28,17,3,1,1,14,7,3,9,1,0
1,14,8,25,1,1,1,7,13,9,30,0
1,18,5,41,2,4,14,7,2,9,1,0
1,26,15,38,1,1,1,7,14,9,30,1
1,27,17,50,1,1,1,1,15,9,30,0
1,14,17,10,1,1,1,7,16,9,30,0
1,18,14,41,1,1,1,8,18,7,30,0
1,6,12,33,1,1,1,1,18,9,30,1
1,28,10,43,1,1,14,7,3,9,20,0
1,13,9,50,1,1,1,7,12,9,30,0
1,10,7,51,1,4,1,7,15,9,30,1
1,10,6,45,2,1,1,1,18,9,30,0
1,2,15,23,1,3,7,1,5,9,1,1
12,29,18,45,1,1,7,1,4,9,1,0
1,2,10,35,1,1,14,7,4,9,1,0
1,4,15,20,1,1,1,1,16,9,30,0
1,19,6,30,1,1,1,7,12,9,30,0
12,25,13,30,1,1,7,7,3,9,1,1
12,28,16,10,1,1,1,1,15,9,30,1
1,31,8,38,1,1,1,7,15,9,30,0
1,13,8,42,1,1,1,7,16,9,30,0
12,23,13,30,2,3,7,1,5,9,1,1
1,14,11,18,1,1,1,7,12,9,30,1
1,7,7,41,1,3,14,7,3,9,1,0
1,30,9,20,2,1,14,7,5,9,1,1
1,18,17,18,5,4,7,1,3,9,1,1
1,6,7,0,1,1,14,7,4,8,1,0
1,1,14,25,1,1,0,7,0,0,20,0
1,3,12,0,2,3,7,1,5,9,1,1
1,18,11,35,1,1,1,1,12,9,30,0
1,25,17,10,1,1,14,7,4,8,1,0
1,16,14,30,1,1,14,7,4,9,1,0
12,26,9,9,1,2,7,1,5,9,1,1
1,28,13,0,1,1,14,7,4,9,1,0
1,12,7,25,1,3,14,7,3,9,1,1
12,13,14,58,1,1,14,7,3,9,1,0
1,27,9,7,2,1,1,7,15,9,30,0
1,3,13,0,1,1,1,1,15,9,30,1
1,16,8,20,1,1,1,2,15,9,30,0
1,17,7,15,1,1,1,7,12,9,30,0
1,6,17,22,5,3,14,7,5,8,1,1
12,22,23,24,2,2,0,7,0,0,20,1
12,20,15,35,1,1,1,7,11,9,30,1
1,3,14,20,1,1,14,7,6,9,1,1
1,8,13,5,1,1,1,7,12,9,30,0
1,7,8,22,1,3,7,1,3,8,1,1
12,8,18,32,3,1,1,1,14,9,30,1
1,16,19,48,1,1,1,8,13,9,30,0
1,6,15,0,5,4,14,7,3,9,1,1
12,25,12,55,1,1,1,2,13,9,30,1
1,30,19,41,1,1,14,7,3,9,1,0
12,24,13,10,1,1,1,7,15,6,30,0
1,7,14,53,1,1,14,7,4,9,1,1
12,28,14,55,1,1,7,1,1,9,1,0
1,27,16,40,1,1,14,7,3,9,1,1
12,9,12,20,1,1,13,7,3,6,20,1
12,31,21,51,2,4,7,1,4,9,1,1
1,30,17,20,1,1,0,7,0,0,20,0
12,17,18,19,3,2,7,7,4,9,20,1
1,20,8,45,1,1,14,7,4,9,1,0
1,17,7,50,1,1,1,7,15,9,30,0
1,16,7,37,1,1,1,1,15,9,30,1
1,11,16,9,3,2,14,7,4,9,1,0
1,17,17,24,1,1,14,7,3,9,1,1
1,12,19,3,1,1,14,7,4,9,1,0
1,23,14,30,2,1,14,7,3,9,1,0
12,12,10,5,1,1,1,1,18,9,30,0
1,8,11,17,1,1,1,1,18,9,30,0
1,22,16,40,1,1,1,7,15,9,30,0
1,24,10,30,1,1,7,7,5,9,1,0
1,13,9,40,1,1,1,7,14,9,30,0
1,30,14,55,1,1,1,7,11,9,30,0
1,22,8,41,1,1,1,7,11,9,30,0
1,15,20,55,1,1,1,8,16,9,30,0
12,26,9,25,1,1,1,1,19,9,30,1
1,2,18,15,5,4,7,1,3,9,1,1
1,1,12,55,1,1,1,7,11,9,30,0
12,25,17,30,2,4,14,1,4,9,1,1
1,7,11,31,1,1,1,7,15,9,30,0
1,11,17,0,1,1,1,7,13,9,30,0
12,29,22,18,1,3,14,7,3,9,1,1
1,30,18,20,1,1,1,1,14,9,30,1
1,6,17,50,5,4,14,7,4,9,1,1
1,14,19,15,1,1,1,1,15,9,30,1
12,30,17,10,1,1,1,7,12,9,30,1
1,27,17,10,1,1,14,7,3,9,1,0
12,11,18,30,1,1,14,7,3,9,1,1
1,1,9,30,1,1,0,7,0,0,20,1
1,14,9,48,1,1,1,8,13,9,30,0
1,14,16,3,1,1,1,1,12,8,30,0
1,5,8,25,1,1,1,7,16,9,30,0
1,18,8,20,1,1,1,7,14,9,30,0
1,15,17,42,1,1,14,7,4,9,1,1
1,12,8,45,1,1,14,1,2,9,1,1
1,14,5,18,1,1,14,7,4,9,1,0
1,21,17,30,2,1,1,7,12,9,30,0
1,17,5,50,1,1,1,7,14,9,30,0
1,19,14,40,1,1,14,7,1,9,1,1
1,31,2,10,1,1,14,7,4,9,1,1
1,6,11,30,1,4,0,7,0,0,20,1
1,7,5,38,1,3,14,1,3,9,1,1
1,8,21,27,1,1,1,7,18,9,30,1
12,25,10,50,1,1,14,7,4,9,1,1
1,26,18,27,1,1,1,1,15,9,30,0
1,4,7,50,1,1,1,7,12,9,30,0
1,20,7,35,5,4,14,7,3,9,1,0
12,9,17,35,1,1,1,7,15,9,30,1
12,27,17,52,1,1,1,7,16,9,30,0
1,24,8,30,1,1,14,7,3,9,1,1
1,11,18,40,2,2,7,7,1,9,1,0
1,14,8,40,1,1,14,7,3,9,1,1
1,4,16,40,5,3,1,7,16,9,30,1
1,1,9,23,1,1,14,7,6,9,1,1
1,28,17,15,1,1,14,7,3,9,1,1
1,9,3,25,1,1,1,1,18,9,30,0
1,6,11,0,5,2,1,7,15,7,30,0
1,25,16,30,3,2,1,8,15,9,30,0
12,19,15,20,1,1,14,7,2,9,1,0
1,23,12,10,2,1,1,7,14,9,30,0
1,13,9,40,1,1,7,7,3,9,1,1
12,18,17,45,1,1,14,7,3,9,1,1
12,23,13,45,1,1,1,1,15,9,30,1
1,8,17,45,1,1,14,7,5,9,1,1
1,27,7,37,1,1,7,7,4,9,1,1
1,13,16,18,2,1,1,7,12,9,30,1
1,25,10,40,1,1,14,7,4,9,1,1
1,2,17,53,1,1,1,1,15,9,30,1
1,7,11,40,1,1,7,7,3,9,1,0
1,2,11,35,2,2,14,7,4,9,1,1
10,29,17,0,1,1,14,7,3,9,1,0
1,22,11,0,1,1,1,7,17,9,30,0
1,17,17,36,1,1,1,8,19,9,30,0
1,17,18,47,1,1,14,7,3,8,1,0
1,23,11,51,2,1,1,1,15,9,30,0
1,8,14,20,1,1,0,7,0,0,20,1
1,16,19,5,1,1,14,7,3,9,1,0
1,22,12,40,1,1,1,7,12,9,30,0
1,19,21,50,1,1,14,7,3,9,1,1
1,24,7,55,1,1,14,7,3,8,1,0
1,18,17,25,5,2,1,1,18,9,30,1
1,12,6,57,1,1,14,7,4,9,1,1
1,8,18,48,1,1,1,7,12,9,30,0
1,8,19,23,1,1,14,7,4,9,1,1
11,26,4,9,1,1,1,1,18,9,30,1
1,10,19,50,1,1,14,7,3,9,1,0
1,28,8,32,1,1,1,7,12,9,30,1
1,12,8,0,1,1,1,7,11,9,30,0
12,28,12,15,1,1,1,7,13,9,30,1
1,10,15,20,1,1,1,7,14,9,30,0
1,5,17,40,1,1,14,7,4,7,1,1
1,12,19,5,1,1,14,7,3,9,1,0
12,25,12,35,1,1,14,7,3,9,20,1
1,12,5,56,1,1,1,7,12,9,30,1
11,21,13,14,2,1,14,7,3,9,1,0
1,15,22,45,1,1,1,1,18,3,30,0
1,13,18,0,1,1,1,7,15,9,30,1
12,25,11,5,1,1,14,7,2,9,1,1
1,1,13,40,1,1,14,7,6,9,1,1
1,21,8,34,1,1,14,7,4,9,20,0
1,17,12,15,1,1,14,1,4,9,1,1
1,25,10,30,2,1,1,7,15,9,30,0
1,4,18,32,5,3,7,7,5,9,1,1
1,23,13,40,2,1,14,7,3,9,1,1
1,3,13,17,1,1,14,1,3,9,1,1
1,8,14,37,1,1,14,7,3,9,1,1
1,26,21,10,1,1,1,8,18,9,30,0
12,27,9,17,1,1,1,1,15,9,30,1
1,2,18,29,1,1,7,1,3,9,1,1
1,3,12,46,1,1,14,7,3,9,1,0
1,1,22,50,2,3,14,7,3,9,1,1
1,2,7,40,5,4,7,7,2,9,1,0
1,11,8,0,3,2,14,7,3,9,20,0
1,5,13,13,1,4,1,7,14,8,30,1
1,1,5,25,2,1,13,7,5,3,1,0
1,2,16,49,5,3,13,7,4,6,1,1
11,29,10,19,1,1,1,7,12,9,30,1
1,10,20,50,1,1,1,1,15,9,30,0
12,16,12,55,1,1,7,7,3,9,1,1
12,25,18,35,1,1,1,1,18,9,30,0
1,7,10,41,1,1,1,1,16,3,30,1
1,25,5,13,1,1,1,7,15,9,30,0
1,18,20,7,1,1,1,7,15,8,30,0
1,6,18,20,5,4,7,1,3,9,1,1
1,8,9,10,1,1,12,7,3,9,1,0
1,8,12,40,1,1,14,7,5,8,20,0
12,25,11,55,1,1,13,7,3,4,1,0
1,18,14,40,1,1,1,7,13,9,30,0
1,12,11,50,1,1,21,7,3,9,20,0
1,4,16,24,5,3,14,7,3,8,1,1
12,30,11,55,1,1,0,7,0,0,20,1
1,5,15,0,1,1,1,7,12,9,30,1
1,1,13,15,1,1,14,7,3,9,1,1
12,22,15,27,2,1,14,7,4,9,1,1
1,2,14,20,1,1,14,7,3,9,1,1
1,7,9,55,1,3,14,7,3,9,1,0
1,5,5,49,1,1,1,7,14,9,30,0
12,24,6,40,3,2,1,2,15,9,30,0
1,6,11,0,5,2,1,7,11,8,30,0
1,31,14,53,1,1,1,7,12,9,30,0
1,2,17,10,1,3,7,1,3,9,1,1
1,17,17,10,5,4,14,1,4,9,1,0
12,17,8,30,2,2,1,7,12,9,30,1
12,29,15,14,2,2,13,7,3,3,1,1
1,11,17,41,1,1,7,7,1,9,20,0
1,30,14,46,2,1,1,7,11,8,30,0
1,12,8,0,1,1,1,1,15,9,30,0
1,18,9,30,1,1,1,1,19,9,30,0
1,1,11,5,1,1,1,7,15,9,30,1
1,3,14,7,1,1,14,1,5,9,1,1
1,2,15,23,1,1,1,7,12,9,30,1
1,17,6,20,1,1,1,7,12,7,30,1
1,21,12,53,1,1,14,7,3,9,20,0
1,12,12,12,1,1,14,7,3,9,1,0
1,15,8,20,1,1,1,7,14,9,30,0
1,14,12,10,1,1,1,7,11,9,30,0
1,29,17,15,1,1,1,7,12,9,30,0
12,28,14,20,1,4,14,2,3,9,1,1
1,22,21,35,1,1,14,7,3,8,20,0
1,14,10,24,1,1,14,7,2,9,1,0
1,16,16,55,1,1,7,2,3,9,20,0
10,30,22,30,1,5,14,7,3,9,1,1
1,31,14,48,1,1,1,7,11,9,30,1
1,23,15,30,1,1,14,7,1,9,1,0
1,13,17,5,1,1,14,7,1,9,1,1
1,13,14,45,2,2,14,7,3,9,1,1
12,30,15,40,5,4,14,7,4,9,1,1
1,15,2,10,1,1,14,7,1,9,1,1
1,7,10,8,1,3,14,7,2,8,1,1
1,14,8,32,1,1,1,8,15,9,30,0
1,2,12,25,1,1,14,7,5,9,1,1
1,17,17,45,2,1,12,7,3,7,1,1
12,30,10,30,1,1,0,7,0,0,20,1
1,25,14,22,2,1,14,7,3,9,1,1
1,7,9,25,1,1,14,7,4,9,1,0
12,26,12,35,1,1,1,1,18,9,30,1
1,21,11,38,1,3,14,7,3,9,1,0
1,13,5,34,1,1,1,8,13,9,30,0
1,16,9,0,1,1,7,1,4,9,1,1
1,6,16,50,5,4,14,7,3,8,1,1
1,31,8,20,1,1,1,7,13,9,30,0
1,30,11,24,2,1,14,7,4,9,1,1
12,25,18,33,5,4,14,7,4,9,1,0
1,26,6,27,2,1,1,8,15,9,30,0
1,20,13,30,1,1,7,1,3,9,1,0
1,3,13,10,1,1,14,7,4,7,1,0
1,26,6,35,2,2,14,7,4,9,1,1
1,1,13,47,1,4,1,7,11,8,30,1
1,1,12,37,5,4,1,1,15,9,30,1
12,19,20,6,1,1,14,7,3,9,1,1
1,12,6,35,1,1,7,7,5,9,1,0
1,12,8,10,1,1,14,7,1,9,1,0
1,5,13,32,1,1,14,7,3,9,20,0
1,31,10,25,1,1,7,7,3,9,1,0
1,18,18,25,2,3,7,1,5,9,1,1
1,14,10,50,1,1,14,7,3,9,1,0
1,26,17,37,1,1,14,7,3,9,20,0
1,27,12,47,1,1,14,7,3,9,20,0
1,11,6,45,3,2,1,1,18,8,30,0
1,18,5,45,1,1,1,1,18,9,30,1
1,2,15,50,1,1,14,7,5,9,1,1
1,8,15,40,1,1,14,7,3,9,1,0
12,13,8,17,3,2,14,7,2,9,1,1
1,6,7,40,1,1,14,7,3,9,1,0
1,22,10,15,1,1,1,7,15,9,30,0
1,4,17,33,2,3,14,7,4,9,1,1
1,25,6,55,1,1,1,1,18,9,30,0
1,29,16,50,1,1,1,7,12,9,30,1
12,29,14,42,1,1,14,7,3,9,1,1
12,16,8,0,1,1,14,7,3,9,1,1
1,6,16,48,1,4,14,7,3,8,1,1
1,24,18,22,1,1,1,7,16,9,30,0
1,28,19,20,1,1,1,8,18,9,30,0
12,27,10,30,1,1,1,4,11,9,30,1
1,21,22,30,5,4,1,7,13,9,30,1
1,9,16,20,1,1,14,7,5,9,1,1
1,28,8,53,2,1,7,8,3,8,1,0
1,10,15,15,1,1,14,7,4,9,1,1
1,13,17,20,1,1,1,7,15,9,30,0
1,28,9,50,1,1,14,7,3,9,1,0
1,5,4,46,1,1,13,7,2,3,20,1
1,18,13,23,1,1,1,7,11,9,30,0
12,29,22,4,5,4,1,7,18,9,30,1
1,22,10,49,1,1,1,7,15,9,30,0
1,8,11,41,1,1,0,7,0,0,20,1
1,18,17,53,2,4,1,7,12,9,30,0
1,18,17,25,5,3,12,7,3,9,1,0
1,23,17,57,2,1,14,7,4,9,1,0
1,20,10,32,1,1,1,7,12,9,30,0
1,21,17,29,1,1,14,7,3,9,1,0
1,13,18,30,1,1,1,7,15,7,30,0
1,4,14,59,1,1,14,7,3,8,20,0
1,7,13,15,1,1,1,7,11,9,30,0
1,20,10,49,1,1,14,7,3,9,1,1
1,21,6,13,1,1,14,7,4,7,20,0
1,6,17,15,2,2,1,1,14,8,30,0
1,19,17,50,2,1,14,7,2,9,20,0
1,3,13,47,1,1,1,7,12,9,30,1
1,3,10,10,2,1,1,1,16,9,30,0
1,11,17,35,3,2,1,1,16,9,30,0
1,17,11,20,1,1,14,7,2,9,1,0
1,21,13,13,1,1,14,7,3,9,20,1
1,12,17,45,1,1,7,1,3,9,1,0
1,14,8,55,1,1,1,1,15,9,30,0
1,13,16,50,2,1,12,7,4,9,1,1
1,17,16,50,1,1,1,7,11,9,30,0
1,12,17,5,5,3,14,7,4,9,1,1
1,2,15,45,1,1,14,7,1,9,1,0
1,25,19,50,3,2,1,1,11,9,30,0
1,18,7,55,5,3,7,1,3,9,1,0
1,20,7,55,1,3,1,7,14,6,30,1
1,18,17,25,1,1,1,7,11,9,30,0
1,31,9,26,1,1,14,7,4,9,1,0
1,12,7,47,2,4,7,7,3,9,1,1
1,7,15,14,1,1,14,7,3,9,1,1
1,28,7,55,1,1,1,7,15,9,30,0
1,15,2,30,1,1,1,1,19,9,30,0
1,22,9,25,1,1,14,7,3,8,1,0
1,9,15,31,1,1,14,7,3,8,1,1
1,3,17,13,1,1,14,7,4,9,1,1
1,18,13,44,1,1,14,7,6,9,1,0
1,31,12,7,1,1,1,7,15,9,30,0
1,8,17,30,1,1,1,7,12,9,30,0
1,24,10,50,2,1,14,7,3,9,1,1
1,9,14,45,1,1,1,7,15,9,30,0
12,23,14,25,2,2,13,7,3,2,1,0
12,31,14,54,5,3,1,7,15,9,30,1
1,6,13,58,3,3,1,7,12,9,30,0
1,25,18,50,1,1,14,7,3,9,1,1
1,14,15,10,1,1,1,7,11,9,30,0
1,20,17,43,2,1,7,1,5,3,1,1
1,7,13,27,2,4,1,1,15,9,30,1
12,25,10,25,5,2,1,7,12,9,30,0
1,13,18,32,1,1,1,1,18,9,30,0
1,18,15,26,1,1,1,7,14,9,30,0
1,26,14,26,1,1,1,1,15,9,30,0
1,11,12,45,3,2,1,1,13,9,30,0
1,18,9,15,5,3,1,7,14,9,30,1
1,7,12,0,1,3,7,7,3,9,1,1
1,7,9,43,1,3,14,7,2,9,1,0
1,4,17,35,1,1,1,7,14,9,30,1
1,26,8,24,2,1,14,7,3,9,20,0
1,7,13,5,1,1,14,7,2,9,1,1
1,14,18,33,1,1,14,7,4,8,20,0
1,20,7,45,1,1,1,7,15,9,30,1
1,8,22,50,1,1,7,1,4,9,1,0
1,5,11,20,1,2,7,1,5,7,1,1
12,28,10,25,5,4,7,1,5,9,1,1
1,25,5,22,1,1,1,1,18,9,30,0
1,21,19,0,5,4,7,1,4,9,1,0
1,5,18,40,1,1,14,7,4,9,1,0
12,12,10,43,1,1,14,7,4,9,1,0
1,5,18,0,1,1,1,7,11,9,30,1
1,22,18,48,1,1,0,7,0,0,20,1
1,2,19,35,2,1,1,1,18,9,30,1
1,29,15,35,1,1,14,7,3,9,1,0
1,21,16,20,1,2,1,7,12,9,30,1
1,17,6,4,1,1,1,1,13,9,30,0
1,21,20,50,1,1,7,1,5,9,1,1
1,24,16,57,1,1,14,7,4,9,1,0
7,3,13,45,2,1,14,7,3,9,1,1
1,7,9,44,1,2,7,7,3,9,1,1
12,21,10,10,1,1,14,7,3,9,1,0
12,8,17,10,3,2,14,7,3,9,1,0
1,6,17,0,2,2,14,7,2,9,1,0
1,18,9,30,1,1,14,7,3,9,1,0
1,5,8,59,1,1,14,7,4,9,1,1
12,27,14,58,2,1,1,7,11,9,30,0
1,31,9,4,1,1,1,7,14,9,30,0
1,25,7,5,1,1,14,7,6,9,1,0
1,27,8,0,2,1,14,7,4,9,1,0
12,14,11,59,1,1,14,5,2,9,1,0
1,19,21,45,1,1,14,7,1,9,20,0
1,14,6,33,1,1,14,7,5,9,1,0
1,8,13,35,2,1,14,7,3,9,1,0
1,3,11,47,1,1,14,7,3,9,1,0
1,8,15,20,1,1,1,2,15,9,30,1
1,7,10,45,1,1,14,7,3,9,1,1
1,1,21,40,1,1,14,7,3,9,20,1
1,6,8,30,1,1,14,7,4,9,1,1
1,9,17,10,1,1,1,1,12,9,30,1
12,19,15,30,1,1,14,7,4,9,1,0
1,12,8,25,1,1,1,1,17,8,30,1
1,11,19,15,2,1,14,7,3,9,1,0
1,5,18,31,2,2,1,1,15,9,30,0
12,11,9,45,1,1,1,7,15,9,30,0
1,21,23,55,1,1,14,7,4,9,1,1
1,15,10,55,1,1,14,7,1,9,1,1
1,23,23,30,3,2,14,7,5,9,1,1
1,6,21,28,5,3,12,7,5,9,1,0
12,24,6,36,1,2,1,1,15,9,30,0
1,24,15,55,1,1,1,1,18,9,30,0
1,12,15,47,1,1,1,7,15,9,30,0
1,22,18,5,1,1,1,7,15,9,30,0
1,17,7,40,1,1,14,7,4,7,1,0
12,27,9,5,1,1,1,1,15,9,30,0
1,11,16,37,3,2,1,1,16,9,30,1
1,5,16,7,1,1,1,7,15,9,30,0
11,12,21,3,1,1,1,7,15,9,30,0
12,23,10,56,1,1,14,7,3,9,1,1
11,12,7,55,1,1,14,7,2,9,1,0
1,12,16,37,1,1,7,1,2,9,1,0
1,6,16,25,5,4,14,1,3,8,1,1
1,4,16,47,1,1,1,7,11,9,30,0
1,31,14,3,1,1,1,1,15,9,30,0
1,3,16,20,1,1,14,7,3,9,1,0
1,13,8,30,1,1,1,7,15,9,30,0
1,6,18,23,5,4,1,1,15,9,30,0
1,10,20,24,1,2,1,1,19,9,30,0
1,12,16,18,1,1,1,7,11,9,30,0
1,22,5,33,1,1,7,7,3,5,1,0
1,5,10,15,1,1,1,1,15,9,30,1
1,2,22,25,1,1,14,7,3,9,1,1
1,10,17,30,1,1,0,7,0,0,20,1
1,13,18,20,1,1,1,7,15,9,30,0
1,12,16,50,1,1,1,1,15,9,30,0
1,7,12,50,1,1,14,7,4,9,1,1
1,5,12,37,1,1,13,7,2,6,1,1
1,31,19,41,1,1,1,1,15,9,30,0
1,3,15,0,2,3,7,1,5,9,1,1
12,30,13,18,2,4,7,1,3,9,1,1
1,2,13,20,1,1,1,7,14,9,30,0
1,12,9,10,1,1,1,7,12,9,30,0
1,5,21,0,2,3,14,7,3,9,1,0
12,29,19,7,3,2,7,1,3,9,1,0
1,8,14,39,1,1,1,7,15,9,30,1
12,14,8,15,1,1,1,7,16,9,30,0
1,22,8,30,1,1,1,1,18,9,30,0
1,9,23,29,1,1,14,7,5,9,1,1
1,5,17,45,1,1,14,7,4,9,1,0
1,13,9,45,5,3,14,1,3,9,1,1
1,10,22,0,2,1,14,7,3,9,1,1
1,28,14,40,1,1,14,7,3,9,1,0
1,29,11,5,1,1,14,7,4,9,1,1
1,22,18,10,1,1,1,1,15,9,30,1
1,2,18,12,1,3,14,7,3,9,1,1
1,24,17,45,2,1,1,7,15,9,30,0
1,13,18,50,1,1,14,7,4,9,1,1
12,30,17,51,5,3,7,7,2,9,1,1
1,3,19,0,1,1,7,7,3,9,1,1
1,13,13,15,1,1,1,1,11,9,30,0
12,29,10,21,1,4,1,1,19,9,30,1
1,31,21,10,1,1,1,7,12,9,30,0
1,8,12,35,1,1,1,7,12,7,30,1
1,29,14,50,1,1,14,7,3,9,1,0
1,12,20,20,1,1,14,7,5,9,1,1
1,9,13,15,1,1,1,1,15,9,30,0
1,5,11,58,2,4,1,4,15,9,30,0
12,31,11,0,1,1,1,4,12,9,30,1
1,26,15,47,1,1,14,7,3,9,20,0
12,18,8,30,1,3,14,7,6,9,1,1
12,27,11,58,1,1,14,7,3,9,1,0
1,24,14,30,1,1,14,7,1,7,1,0
1,10,9,20,1,1,1,8,18,9,30,0
1,22,19,46,1,1,14,7,3,8,1,1
1,29,12,23,1,1,14,7,4,9,1,1
1,5,17,30,1,1,14,7,5,9,1,1
1,20,10,26,1,1,14,7,2,9,20,1
1,10,15,40,1,1,1,7,12,9,30,0
1,16,19,58,1,1,14,7,5,9,20,1
1,16,13,45,1,1,1,1,16,9,30,0
12,15,15,10,2,2,7,7,2,9,1,0
12,24,15,25,2,1,14,7,3,9,1,1
1,17,18,10,2,1,14,7,1,8,1,0
11,2,11,20,1,1,14,7,3,9,1,1
1,15,14,5,2,1,12,7,4,9,1,1
1,17,9,47,1,1,1,7,11,9,30,0
1,22,10,35,1,1,1,1,18,9,30,0
1,6,11,30,2,1,14,7,2,9,1,0
1,30,16,7,2,1,14,7,4,9,1,1
1,14,10,20,1,1,14,7,3,9,1,0
1,10,8,54,2,1,1,1,15,9,30,0
1,20,14,27,1,1,1,1,16,9,30,0
12,1,0,50,3,2,1,1,17,9,30,1
1,18,9,16,1,1,0,7,0,0,20,1
1,17,17,55,1,1,0,7,0,0,20,0
1,4,14,40,1,1,14,7,3,9,1,0
1,14,6,30,1,1,1,7,15,9,30,1
1,8,17,20,1,1,14,7,3,9,1,0
1,20,7,10,1,1,14,7,3,9,1,1
12,28,2,47,1,1,14,7,2,9,1,1
1,21,8,25,1,1,1,7,12,9,30,0
1,12,10,20,1,1,1,7,11,9,30,0
1,16,11,50,1,2,14,7,3,9,1,0
1,18,11,30,1,1,1,7,15,9,30,0
1,15,23,53,1,1,1,7,15,9,30,1
1,18,13,5,1,1,7,1,3,9,1,0
12,27,10,15,1,1,14,7,1,9,1,1
1,5,17,50,1,1,14,7,1,9,1,1
12,31,17,50,2,1,14,7,4,7,1,1
1,10,16,45,2,2,0,7,0,0,20,1
12,23,9,28,1,1,1,7,16,9,30,0
1,23,16,10,1,1,1,7,11,9,30,0
1,22,21,50,2,2,7,8,5,9,1,1
1,24,20,5,1,1,14,7,3,9,1,1
12,26,14,10,1,1,14,7,6,9,1,1
1,15,6,52,1,1,1,7,15,9,30,0
1,29,10,17,1,1,1,8,16,9,30,0
1,19,19,40,1,1,1,1,11,8,30,0
9,28,9,20,2,1,14,7,4,7,1,0
1,12,8,30,1,1,1,7,11,9,30,1
1,28,10,46,1,1,14,7,4,7,1,0
1,21,12,15,1,1,1,8,18,9,30,0
12,27,16,5,1,1,14,7,4,8,1,1
1,16,12,35,1,1,14,7,6,9,1,1
1,28,17,6,1,1,1,7,15,9,30,1
1,2,19,10,1,1,1,7,11,9,30,0
1,8,9,9,1,3,7,7,3,9,1,1
1,6,13,35,5,2,13,7,2,5,1,0
1,6,8,15,1,3,1,7,15,9,30,0
1,14,15,45,1,1,13,7,1,4,1,0
12,30,12,29,1,1,1,2,12,9,30,1
1,19,6,50,1,1,14,7,3,9,1,0
1,5,8,48,1,1,1,7,12,9,30,0
1,23,8,52,1,1,1,7,11,9,30,1
1,19,13,40,1,1,1,7,14,8,30,1
1,13,16,50,1,1,1,1,16,9,30,0
1,16,18,7,3,2,1,1,19,9,30,0
1,5,18,12,1,1,7,1,3,9,1,1
1,20,8,5,1,1,1,1,15,9,30,0
10,13,8,39,3,2,1,7,12,9,30,1
1,11,20,58,1,1,7,1,5,9,1,1
1,27,21,38,2,1,1,1,15,9,30,1
1,5,1,51,1,1,14,7,3,9,1,0
1,21,17,27,1,1,1,7,15,9,30,0
12,28,13,31,1,1,14,7,5,9,1,0
1,8,7,25,1,1,7,1,3,9,1,1
1,17,18,55,1,1,14,7,5,9,1,1
1,21,8,56,1,1,1,7,14,9,30,0
1,24,12,0,2,2,7,1,4,9,1,1
1,12,17,35,1,1,14,7,4,9,1,1
1,20,16,15,1,1,1,1,15,7,30,0
1,27,18,40,1,1,14,7,4,9,1,0
1,5,11,25,1,1,1,1,15,9,30,0
1,13,17,12,5,3,0,7,0,0,20,1
1,14,11,45,1,1,14,7,3,7,1,1
1,7,7,58,1,3,14,7,3,9,1,0
1,20,18,50,1,1,14,7,5,9,1,1
1,20,9,20,1,1,14,7,2,9,1,1
12,25,15,55,1,3,1,1,18,9,30,1
1,21,8,30,1,1,14,7,3,8,1,0
1,20,9,55,1,1,14,7,3,9,1,0
1,19,13,30,2,1,14,7,3,9,1,0
1,25,8,14,1,1,1,1,15,9,30,1
1,4,19,57,1,1,14,7,4,9,1,0
1,22,10,42,1,1,1,7,11,9,30,1
12,28,12,5,1,1,1,7,14,9,30,0
1,18,7,45,1,1,14,7,4,9,1,0
1,14,17,35,1,1,1,1,15,9,30,0
1,7,10,40,1,3,14,7,5,9,1,1
1,2,8,55,2,3,1,1,15,9,30,1
1,5,14,20,1,1,14,7,4,9,1,1
1,1,9,15,1,1,14,7,5,9,1,0
1,18,8,5,1,1,14,7,2,9,1,0
1,3,20,40,2,3,14,7,3,9,1,1
1,21,7,26,1,1,7,7,1,9,1,0
12,26,13,40,1,1,1,7,12,9,30,1
1,10,11,55,2,1,7,1,3,9,1,1
1,14,15,44,1,1,14,7,3,9,1,0
1,23,13,43,2,1,1,1,14,8,30,0
1,19,19,18,2,1,14,7,3,9,1,1
12,29,14,5,1,1,14,7,1,9,1,0
1,2,17,20,5,4,1,7,13,9,30,1
1,30,22,20,1,1,14,7,3,9,1,0
12,30,10,45,1,1,14,7,5,9,1,1
1,1,9,25,1,1,14,7,5,9,1,1
1,13,6,16,1,1,14,7,3,9,1,0
1,4,13,37,1,1,1,1,19,3,30,1
1,4,8,20,1,1,7,7,3,9,1,1
1,12,7,10,2,3,13,7,3,4,1,1
12,26,14,45,1,1,0,7,0,0,20,0
1,11,23,0,2,2,14,7,3,8,1,0
1,11,18,0,1,1,0,7,0,0,20,1
1,25,5,30,1,1,14,7,3,9,20,0
1,31,21,20,1,1,14,1,6,9,1,1
12,28,15,40,2,3,7,1,3,9,1,1
1,4,16,15,5,4,7,7,3,9,1,1
1,7,0,12,2,3,12,7,3,7,1,1
12,18,7,20,2,1,14,7,4,9,1,1
1,18,10,50,1,1,1,7,12,9,30,0
1,20,11,52,1,1,1,7,15,9,30,0
1,6,20,42,2,3,14,7,3,8,20,1
12,25,13,20,1,4,1,1,14,9,30,1
1,17,18,3,1,1,1,7,11,9,30,1
1,15,18,45,1,1,14,7,2,9,1,1
1,1,11,20,1,1,14,7,3,9,1,1
1,19,15,15,2,2,7,1,5,9,1,1
1,29,17,25,1,1,1,2,12,9,30,0
1,8,14,0,1,1,1,7,11,9,30,1
1,12,6,20,1,1,1,7,12,9,30,1
1,5,11,15,1,1,1,7,15,9,30,0
1,6,11,9,5,2,1,7,15,9,30,0
12,10,17,3,1,1,1,7,12,9,30,0
12,30,14,21,1,1,14,7,3,7,1,1
1,17,20,5,2,3,14,7,2,9,1,1
12,23,19,13,2,4,1,1,15,9,30,1
1,24,6,27,1,1,1,7,11,9,30,1
1,6,22,10,2,3,14,7,4,9,1,0
1,20,8,40,1,1,14,7,4,9,1,0
1,12,17,40,1,1,14,7,4,9,1,0
1,12,8,20,1,1,14,7,3,9,1,1
1,29,15,30,1,1,1,7,12,9,30,0
1,3,12,51,1,1,7,1,5,9,1,1
1,7,9,53,1,3,1,1,15,9,30,1
1,2,13,20,1,1,14,7,3,9,1,0
1,12,17,55,1,1,14,7,2,8,1,1
1,13,11,23,1,1,11,7,3,1,1,0
1,5,16,50,1,1,14,7,2,9,1,0
1,9,17,7,1,1,14,7,3,9,1,1
1,23,17,5,2,3,7,1,3,9,1,1
1,14,14,37,1,1,13,7,3,6,1,1
1,22,11,45,1,1,1,7,14,9,30,0
1,4,11,53,2,1,14,7,3,9,1,0
12,28,16,40,1,1,7,7,6,9,1,1
12,30,0,5,1,1,14,7,4,9,1,1
1,27,13,55,1,1,14,7,5,9,1,1
1,2,16,0,3,2,14,7,3,9,1,0
12,4,17,21,1,1,11,7,3,9,1,1
12,27,17,4,1,1,14,7,3,8,1,1
1,7,21,0,1,1,7,1,3,9,1,1
1,11,8,18,1,3,14,7,3,9,1,1
1,2,14,5,1,2,1,7,15,9,30,0
1,8,15,20,2,4,1,7,15,9,30,1
1,11,14,42,2,2,14,7,3,9,1,1
1,2,12,0,1,1,1,7,16,9,30,0
1,29,11,18,1,1,1,7,14,9,30,0
1,12,7,40,1,3,1,1,12,9,30,0
1,26,18,20,1,1,14,7,5,9,1,1
1,22,9,45,1,1,14,7,3,9,1,0
1,10,18,0,2,1,1,1,19,9,30,0
11,28,15,25,2,1,0,7,0,0,20,0
1,18,17,38,1,1,13,7,3,3,1,1
1,12,7,52,1,2,14,7,3,9,1,0
12,4,10,15,1,1,14,7,3,9,1,0
1,18,22,15,2,3,7,1,4,9,1,1
1,13,11,29,1,1,14,7,3,9,1,0
1,3,11,42,5,4,14,7,3,9,1,1
1,6,6,55,1,1,1,7,12,9,30,0
1,3,11,45,5,4,14,7,5,9,1,1
1,24,15,24,1,1,14,7,3,9,1,0
1,16,19,15,1,1,1,7,15,9,30,0
1,9,13,10,1,1,0,7,0,0,20,0
1,6,11,55,2,1,1,7,15,9,30,0
1,11,22,0,1,2,14,7,3,9,1,0
1,13,14,49,1,1,14,7,4,9,1,0
1,14,11,22,1,1,14,7,3,9,1,0
12,9,12,15,1,1,14,7,4,9,1,1
1,20,11,10,1,1,14,7,3,9,20,0
1,10,15,55,1,1,14,7,4,9,1,0
12,31,14,8,5,3,14,7,4,9,1,0
1,24,16,55,1,1,1,7,11,9,30,0
12,28,9,0,5,4,7,1,5,9,1,1
12,16,7,50,1,1,1,1,17,9,30,1
12,28,10,30,2,1,7,7,3,9,1,1
12,29,18,0,1,1,14,7,3,9,1,1
1,15,13,25,1,1,14,7,5,9,1,0
12,28,19,13,1,1,14,7,5,9,1,0
1,3,19,5,2,3,1,1,12,9,30,1
1,18,8,0,5,4,1,1,14,9,30,1
1,31,10,21,1,1,1,7,11,9,30,1
1,20,12,55,1,1,1,7,12,9,30,1
1,29,18,28,1,1,14,7,3,9,1,1
1,11,18,0,3,2,7,1,3,9,1,0
12,28,17,7,1,1,1,1,12,9,30,0
1,15,12,40,2,3,14,7,2,9,1,1
1,6,10,42,5,2,14,7,4,9,1,0
1,12,7,25,1,1,1,7,11,9,30,0
1,25,14,40,1,1,1,7,15,9,30,0
1,5,17,49,1,1,14,7,5,9,1,1
1,1,14,40,1,1,1,7,15,9,30,0
1,26,9,1,1,2,1,1,15,7,30,1
1,17,12,53,1,1,7,7,3,9,1,1
12,22,10,52,1,1,7,7,4,9,1,0
1,29,11,50,1,1,14,7,5,9,1,0
1,30,12,20,1,1,0,7,0,0,20,0
1,2,22,45,5,1,11,7,4,9,1,0
1,13,14,30,1,1,0,7,0,0,20,0
1,4,6,12,5,3,13,7,3,6,1,1
1,1,9,50,5,4,1,7,15,9,30,1
1,14,19,30,5,4,14,7,3,9,1,1
1,17,17,0,5,4,13,7,2,4,1,0
1,1,15,40,1,1,7,1,2,9,1,0
11,25,19,26,1,1,11,7,1,9,1,0
12,28,18,53,1,1,14,7,3,9,1,0
1,13,9,50,1,1,0,7,0,0,20,0
12,4,16,14,1,1,14,7,4,9,1,1
1,11,8,15,1,2,14,7,3,9,1,1
1,24,18,0,1,1,14,7,2,9,1,0
1,22,9,20,1,1,1,1,16,9,30,0
12,1,7,5,3,2,1,7,12,9,30,1
12,25,11,0,1,1,13,7,4,6,1,1
1,16,12,56,1,1,1,1,12,9,30,0
1,22,1,48,1,4,13,7,3,5,1,1
1,19,18,5,1,1,14,7,5,9,1,1
12,13,12,25,1,1,7,7,4,9,1,1
12,19,13,40,1,1,7,7,1,9,1,1
1,29,12,15,1,1,1,7,11,9,30,0
1,10,5,40,2,1,14,7,5,9,1,1
1,9,8,40,1,1,1,1,18,9,30,1
1,6,9,13,2,1,7,7,4,9,1,1
1,15,18,40,2,1,14,7,5,9,1,1
12,17,19,28,5,2,14,7,4,9,1,0
1,23,13,47,1,1,0,7,0,0,20,1
1,8,14,25,1,1,14,7,1,9,1,1
1,11,6,33,3,2,14,7,3,9,1,0
1,10,18,10,1,1,1,1,18,9,30,0
1,7,11,20,1,2,14,7,1,7,1,1
1,17,12,10,2,1,1,7,11,9,30,0
12,20,16,5,2,3,13,7,3,6,1,1
1,20,17,10,1,1,1,7,15,9,30,1
1,7,17,40,1,1,1,1,14,9,30,0
1,14,15,15,1,1,1,7,12,8,30,0
12,24,16,20,3,2,1,1,18,9,30,1
1,14,8,10,1,1,1,7,14,9,30,0
10,6,13,40,1,1,0,7,0,0,20,0
1,19,9,10,2,2,7,1,5,9,1,1
1,21,5,58,1,1,14,7,3,9,1,0
1,22,13,35,2,1,1,1,15,9,30,1
12,21,16,40,1,1,1,7,14,9,30,1
1,27,20,35,2,1,1,7,11,9,30,0
1,17,18,10,1,1,1,1,18,9,30,0
1,3,7,52,1,1,0,7,0,0,20,0
1,7,8,0,1,3,14,1,3,9,1,1
1,14,11,22,1,1,7,7,4,9,1,1
1,9,12,50,1,1,0,7,0,0,20,0
1,22,10,48,1,1,14,7,4,9,1,1
12,27,9,35,1,1,1,1,15,9,30,1
1,9,9,7,2,2,7,1,4,9,1,0
1,17,15,10,1,1,13,7,3,6,1,1
1,21,16,42,1,1,13,7,2,1,1,0
1,27,11,38,1,1,1,7,15,9,30,0
1,22,15,24,1,1,1,7,12,9,30,1
1,8,4,16,1,3,14,7,3,9,1,0
1,14,9,45,1,1,1,1,16,9,30,1
1,6,11,10,1,3,1,7,14,7,30,1
1,7,16,20,1,3,14,7,4,9,1,1
1,7,15,10,1,1,14,7,3,9,1,1
12,31,4,45,5,4,14,7,3,9,1,0
1,12,18,0,1,1,1,7,15,9,30,0
8,3,11,45,1,1,14,7,1,9,1,1
1,3,16,15,5,4,1,7,12,9,30,1
1,2,18,40,3,2,1,1,16,9,30,0
1,19,19,42,1,1,13,7,2,3,1,1
1,2,20,44,1,3,1,7,15,9,30,1
1,7,18,3,1,3,0,7,0,0,20,0
12,31,0,30,2,3,14,7,4,9,1,1
1,22,10,55,1,1,14,7,3,9,1,1
1,16,19,15,1,1,14,7,5,9,20,0
1,5,17,48,1,1,1,7,12,8,30,0
12,26,10,35,1,4,14,7,4,9,1,1
1,17,20,0,2,1,1,1,18,9,30,0
1,25,8,30,1,1,1,7,16,9,30,0
10,23,19,10,1,1,14,7,4,9,1,1
1,21,17,15,1,1,14,7,5,9,1,1
1,7,8,30,1,2,1,8,19,9,30,0
1,26,13,17,1,1,14,7,4,9,1,1
12,19,20,20,1,4,1,1,15,9,30,1
12,27,11,10,1,1,14,7,3,7,1,1
1,13,16,0,1,1,7,1,5,9,1,1
1,18,14,46,1,1,14,7,4,9,1,0
1,5,12,5,5,3,1,1,15,9,30,1
1,17,22,42,1,1,1,7,12,6,30,0
1,8,14,50,1,1,1,7,14,9,30,0
1,7,11,35,1,3,7,7,3,9,1,1
1,8,12,10,1,1,1,7,12,9,30,1
1,8,14,37,1,1,7,7,3,9,1,1
1,1,13,40,2,3,14,7,3,7,1,1
1,4,18,20,2,3,14,7,4,9,1,0
1,30,14,30,1,1,14,7,6,9,1,1
1,3,14,35,1,1,1,1,15,9,30,1
1,28,11,44,1,1,7,1,5,8,1,0
1,12,8,15,1,1,13,7,4,2,1,0
1,4,10,7,1,1,1,1,15,9,30,0
1,21,11,15,2,4,7,2,3,9,1,1
1,11,20,50,2,2,1,1,15,9,30,0
12,14,18,57,1,1,1,7,12,9,30,0
12,20,13,26,3,2,7,1,3,9,1,0
12,17,19,56,5,2,1,1,19,9,30,0
1,3,15,6,1,3,1,1,15,9,30,1
1,6,17,8,5,2,1,1,15,9,30,0
1,3,23,38,5,2,1,7,15,9,30,0
1,28,11,59,1,1,14,7,3,9,1,0
1,31,10,45,1,1,1,7,15,9,30,0
1,15,10,20,1,1,1,7,15,9,30,0
12,26,14,43,5,3,7,1,4,9,1,1
1,27,22,5,1,1,1,1,16,9,30,0
