actual_target,predicted_target,発生日時月,発生日時日,発生日時時,発生日時分,天候,路面状態,道路形状,信号機,車道幅員,道路線形,衝突地点
1,0.55856705,1,24,14,6,1,1,1,1,14,9,30
0,0.7773173,1,26,16,20,1,1,14,7,3,8,1
0,0.45906645,12,6,12,22,2,1,1,1,15,9,30
0,0.37870532,1,18,17,35,1,1,14,7,1,9,1
0,0.95025516,12,28,10,35,5,4,14,7,2,8,1
0,0.17589585,1,25,16,5,2,1,14,7,2,9,20
0,0.10368547,1,10,10,35,1,1,1,7,14,9,30
1,0.46086556,1,4,11,34,1,1,1,1,15,8,30
1,-0.008653361,12,29,2,9,2,3,1,1,16,9,30
0,0.3987166,12,30,23,35,5,4,13,7,3,6,1
1,0.6637159,1,6,16,40,5,4,14,7,3,9,1
1,0.19958343,1,8,16,40,1,1,7,1,1,9,1
1,0.4559765,1,6,13,28,5,2,7,7,3,9,1
1,-0.011014982,1,27,23,5,1,1,7,1,4,9,1
0,0.51314324,1,13,16,48,1,1,13,7,3,1,20
1,0.8121092,1,20,15,0,1,1,1,1,15,9,30
0,0.5204703,1,27,8,44,1,1,1,1,15,9,30
0,0.64482117,1,14,17,13,1,1,14,7,2,7,1
0,0.60003287,1,17,19,34,1,1,13,7,3,3,1
1,0.82423514,1,15,23,58,1,1,14,7,2,9,1
1,0.027760252,1,5,10,28,1,1,1,7,15,9,30
1,0.5201494,1,17,17,10,1,3,14,7,2,9,1
1,0.87952644,12,26,7,36,1,1,1,1,16,9,30
1,0.6226902,12,28,11,40,2,3,14,7,3,9,20
1,0.41198385,1,13,17,6,2,1,14,7,3,7,1
1,1.0142827,1,2,14,0,2,4,1,7,12,9,30
1,0.9092605,1,3,13,45,1,3,7,1,5,9,1
1,0.6707532,12,30,16,45,2,2,13,7,1,1,1
0,0.30108964,1,18,13,50,1,1,14,7,3,9,1
1,1.0716449,1,3,10,43,5,4,14,7,3,9,1
1,0.84922546,1,10,7,35,2,1,1,7,14,2,30
1,0.4957116,1,7,20,10,2,4,1,7,11,9,30
1,0.9185026,1,10,18,5,1,1,14,7,3,9,1
0,0.5322346,1,6,18,15,2,3,12,7,5,7,1
0,0.27438307,1,20,11,0,1,1,14,7,3,9,20
1,1.0043013,12,26,10,35,1,4,14,7,4,9,1
1,0.31676096,1,21,13,43,5,2,1,7,12,9,30
1,0.30514994,1,7,15,14,5,2,14,7,4,9,1
0,0.19404273,1,8,8,40,1,1,1,7,11,9,30
1,0.5526598,1,11,14,41,3,2,14,7,4,9,1
0,0.096480854,1,15,14,58,1,1,1,7,12,9,30
1,0.6290045,12,23,15,5,1,1,14,7,3,9,1
0,0.51286805,1,14,2,5,1,1,14,7,3,9,1
0,0.91112363,12,15,10,5,1,1,0,7,0,0,20
1,0.26512775,1,11,8,9,3,2,1,2,14,9,30
0,1.0348502,9,14,16,5,3,1,12,7,5,9,1
0,0.37349048,1,6,7,48,1,3,7,1,4,9,1
1,0.07338255,1,12,18,4,1,1,1,1,16,9,30
1,-0.06970228,1,19,11,50,1,1,1,1,11,9,30
1,0.7254105,12,27,14,10,5,4,14,7,3,9,1
1,0.89021456,12,23,14,45,1,1,14,7,4,9,1
0,0.815067,1,24,16,20,1,1,14,7,4,9,1
1,1.2002583,1,1,15,25,1,1,14,7,5,9,1
0,0.14986165,1,20,20,45,5,2,14,7,3,9,1
0,0.7479703,1,9,19,25,1,1,1,4,14,9,30
0,0.30832124,1,13,18,25,1,1,1,1,15,9,30
0,0.88727075,1,21,18,20,1,1,14,7,4,8,1
1,0.5248381,1,12,20,30,1,1,7,1,3,9,1
1,0.074630536,1,31,7,20,1,1,1,1,12,9,30
1,0.7786417,1,10,15,11,1,2,14,7,5,9,1
0,0.0322385,1,22,9,8,1,1,1,7,15,9,30
0,0.2613676,12,15,18,25,1,1,1,1,16,9,30
1,0.90277046,1,1,13,46,2,3,14,7,3,9,1
0,0.30824348,1,22,7,10,1,1,14,7,3,9,20
0,0.797748,12,24,2,40,1,1,1,7,11,9,30
0,0.8343306,1,4,8,43,5,2,7,7,3,9,1
1,0.9825521,1,3,14,10,5,4,14,7,3,9,1
0,0.37967074,1,14,7,28,1,1,14,7,3,9,20
1,0.74617386,1,2,17,50,1,1,14,7,3,9,1
0,0.22390635,1,4,3,39,1,1,1,1,18,9,30
0,0.372789,12,16,18,15,3,2,14,7,4,8,1
0,0.47406244,1,28,18,23,2,1,14,7,3,9,1
1,0.703937,12,25,17,40,1,1,1,1,12,9,30
1,0.8921045,1,15,16,45,1,1,11,7,3,9,1
1,0.50328296,1,12,8,30,1,1,1,7,12,9,30
0,0.28865764,1,10,7,40,1,1,1,1,15,9,30
1,0.3245698,1,3,13,50,1,1,14,7,2,9,1
0,0.9648142,1,5,9,28,1,1,7,1,3,9,1
1,0.76359093,1,7,11,45,1,3,7,7,3,9,20
1,0.43992355,1,20,8,40,1,1,14,7,2,9,1
1,0.3930695,1,22,12,45,1,1,1,7,12,9,30
1,0.45215088,1,15,10,53,1,1,1,7,12,9,30
1,0.5518232,1,4,20,0,1,1,1,7,11,9,30
1,0.37625942,12,31,14,12,5,3,7,7,3,9,1
0,-0.04077499,1,26,19,55,1,1,1,7,14,9,30
0,-0.013004683,1,7,6,54,2,3,13,7,4,2,1
0,0.854989,1,19,22,18,1,1,1,7,17,9,30
1,0.39069167,1,5,13,55,1,1,14,7,3,9,1
1,0.8363688,1,25,8,40,1,1,7,1,3,9,1
0,0.310186,1,13,22,8,1,1,1,1,13,8,30
0,0.32408267,1,21,8,0,1,1,1,1,15,9,30
0,1.0071208,12,26,11,20,5,3,7,1,3,9,1
0,-0.09567849,1,4,9,40,1,1,1,1,15,9,30
1,0.2810841,1,12,7,50,5,3,14,7,3,8,1
1,0.00740185,1,23,17,36,1,1,1,1,18,9,30
1,0.666854,1,23,12,38,1,1,14,7,3,7,1
0,0.7513672,11,19,1,32,2,1,14,7,4,9,1
0,-0.11724441,1,31,15,55,2,1,1,1,15,9,30
1,0.49580714,1,9,20,50,1,1,14,7,4,9,1
1,0.27746165,1,7,15,40,1,2,13,7,3,2,1
1,0.7299651,1,13,11,35,2,4,1,7,12,9,30
0,1.1044074,1,30,10,38,1,1,14,7,2,9,1
0,0.4135954,1,5,10,58,1,1,14,7,3,9,1
1,0.2408746,1,21,13,52,1,1,1,1,15,9,30
0,0.3397371,1,6,9,25,1,2,1,2,14,9,30
0,0.35078955,1,24,8,45,2,1,1,1,16,9,30
1,0.81891763,1,9,10,20,2,4,14,7,3,9,1
0,-0.47341582,1,12,16,55,1,1,13,7,1,1,1
1,0.61917484,1,25,11,25,1,1,14,7,5,9,1
0,0.5331842,1,10,12,25,1,1,1,1,14,9,30
1,0.46371403,1,11,9,50,3,1,14,7,3,9,1
1,0.7779388,1,21,4,49,1,1,7,1,5,9,1
1,0.4487373,1,10,12,8,1,1,1,1,18,9,30
1,0.2560288,1,16,14,10,1,1,14,7,2,7,1
0,0.15403815,12,3,9,5,1,1,1,1,12,7,30
1,-0.19047746,1,11,21,0,3,2,1,1,15,7,30
1,0.7672161,1,3,11,30,1,1,1,1,18,9,30
0,0.2832873,11,29,13,15,1,1,0,7,0,0,20
1,0.7574042,12,21,17,30,1,1,14,7,5,9,1
0,0.38796794,1,28,18,38,1,1,0,7,0,0,20
1,0.013669553,1,4,9,2,1,1,14,7,4,9,1
0,0.19842699,1,12,12,40,1,1,13,7,3,5,1
1,0.835837,1,5,12,10,1,2,14,7,5,9,1
0,0.35875168,12,27,11,20,5,2,14,7,3,9,1
1,0.64762264,1,12,12,43,2,2,7,1,4,9,1
1,0.85231394,1,4,19,50,1,1,14,7,1,9,1
1,1.1576756,1,1,15,25,2,3,1,2,15,9,30
1,0.03150854,11,20,17,55,1,1,1,1,15,9,30
0,0.466906,1,6,11,21,5,2,14,7,3,9,1
0,0.59139043,1,6,14,39,5,4,1,1,15,9,30
1,0.9189439,1,3,17,21,1,1,14,7,5,9,1
0,0.11269916,1,11,19,29,2,2,1,7,12,9,30
0,0.18674573,1,26,14,0,2,1,14,7,4,9,1
0,0.5487906,12,31,15,55,2,1,14,7,3,9,1
0,0.2938767,1,25,20,15,3,2,1,7,15,9,30
1,0.37583885,1,16,12,20,1,1,1,7,11,3,30
1,0.787357,1,7,12,40,1,3,14,7,3,9,1
0,0.04700708,1,12,11,5,1,1,1,7,14,8,30
1,0.19750188,1,4,11,22,1,1,14,7,2,9,1
0,0.27453288,1,27,15,15,2,1,14,7,1,9,1
0,0.10901337,1,21,10,20,2,2,1,1,15,9,30
1,0.3264703,12,15,13,30,1,1,1,7,11,9,30
0,0.16871935,1,20,4,43,1,1,1,1,15,9,30
1,0.5500401,12,29,19,55,5,3,14,7,3,9,1
0,0.072081044,1,28,11,25,1,1,1,7,13,9,30
1,0.6210854,12,28,10,32,1,1,0,7,0,0,20
0,0.3934552,1,1,13,50,1,2,14,7,3,9,1
1,-0.09776914,1,15,13,30,1,2,14,7,1,9,20
0,0.42442682,1,22,5,57,1,1,1,7,11,9,30
1,0.6840571,1,7,14,28,5,2,1,1,17,9,30
1,0.41228357,1,27,6,13,1,1,1,1,19,9,30
1,0.068652585,1,28,13,38,1,1,14,7,3,9,1
0,0.72358525,1,15,10,55,1,1,14,7,4,9,1
0,0.26643687,1,21,15,14,1,1,1,7,11,9,30
1,1.0630331,11,6,13,30,1,1,7,2,4,9,1
0,0.36222252,1,17,10,10,1,1,14,7,2,9,1
1,0.79482114,1,12,6,35,5,4,0,7,0,0,20
0,0.16488819,1,22,8,33,1,1,1,7,11,9,30
1,0.58611596,1,6,0,7,1,1,7,1,2,9,1
0,0.5690951,12,1,7,15,4,2,14,7,3,7,20
1,0.42228037,1,7,8,0,1,3,14,7,3,8,1
0,0.59079164,1,10,13,13,1,1,13,7,2,1,1
0,-0.12374636,1,5,11,40,1,1,1,4,11,9,30
0,0.63488144,1,8,14,45,1,1,14,7,3,7,1
1,0.3683765,1,28,8,32,1,1,7,7,2,9,1
0,0.79053855,1,2,19,32,1,1,14,7,5,9,1
1,0.9160995,12,30,16,22,2,1,1,1,15,9,30
1,0.36594334,1,4,7,40,5,4,13,7,3,2,1
0,0.28864563,1,17,9,14,1,2,1,1,15,9,30
1,0.7972341,1,2,19,30,1,1,1,1,11,9,30
1,0.7165035,6,30,9,30,1,1,1,7,16,9,30
0,0.2834907,1,25,16,5,2,1,14,7,3,9,20
1,0.47128022,11,27,10,55,1,1,12,1,3,8,1
0,0.31075707,1,23,15,40,2,1,1,7,15,9,30
1,0.7662873,1,2,13,55,1,1,7,7,5,9,1
1,0.10493844,1,5,16,40,1,1,14,7,2,9,1
1,0.741014,12,14,10,43,3,1,14,7,3,9,1
0,-0.10053833,1,11,21,53,3,2,1,1,15,9,30
1,0.56499475,1,6,17,40,5,3,14,7,3,9,1
1,1.2156177,1,20,12,38,1,1,1,1,18,9,30
1,0.2317207,1,11,13,8,3,2,12,7,4,7,1
1,0.59072,1,11,11,29,3,2,7,7,3,9,1
1,0.69485325,1,15,22,0,1,1,1,3,15,9,30
0,-0.030934773,1,30,14,53,2,1,1,7,15,9,30
0,0.13599594,1,12,10,3,1,1,14,7,3,9,1
1,0.32847655,1,6,11,48,1,1,1,1,15,7,30
0,0.22523229,1,11,6,30,2,1,1,1,15,9,30
1,0.40723,12,26,19,10,1,1,7,1,4,9,1
0,0.7425215,11,2,7,50,1,1,1,7,11,9,30
0,0.5334693,1,25,7,50,1,1,14,7,3,9,1
0,1.1715127,1,12,8,20,2,3,13,7,1,6,1
0,0.18435816,1,14,18,5,1,1,1,7,12,9,30
1,0.10194558,12,27,21,54,1,1,1,1,15,9,30
1,0.82281446,1,2,8,30,1,1,13,7,3,6,20
1,0.7032442,1,12,10,53,1,1,7,7,3,9,1
1,0.4865079,1,12,10,10,1,1,11,7,5,9,1
0,-0.07248505,1,8,11,40,1,1,1,7,15,9,30
1,0.8614822,9,18,8,40,3,2,14,1,2,9,1
1,0.8760875,1,23,14,25,1,3,1,7,15,8,30
0,0.7969036,1,15,18,5,1,1,14,7,4,9,1
1,0.7231172,12,31,11,23,1,3,7,1,5,9,1
1,0.16265586,1,2,3,20,1,4,1,7,17,9,30
1,1.0393943,1,23,7,52,1,1,7,1,4,9,1
1,0.58960557,12,5,0,45,1,1,14,7,3,9,1
0,0.87209314,1,23,14,8,1,2,7,1,4,9,1
1,0.79855305,1,12,16,45,1,1,14,7,5,8,1
1,0.5255854,12,27,16,25,5,3,0,7,0,0,20
0,0.5062704,12,27,17,30,1,1,12,7,4,9,1
1,0.36031803,1,22,19,16,1,1,7,8,3,9,20
1,0.07650075,1,22,22,30,1,1,14,1,3,9,1
1,1.029393,12,20,15,50,1,1,1,1,19,9,30
1,0.7874391,1,21,0,49,5,4,7,7,3,7,1
1,0.7882425,1,11,17,24,3,3,1,7,14,9,30
1,0.10195195,1,26,17,35,1,1,1,1,15,9,30
1,0.72037613,1,12,7,35,5,3,14,7,4,9,1
0,0.110913135,1,17,8,15,1,1,1,7,14,9,30
0,0.17642,1,17,21,50,1,1,1,1,15,9,30
1,0.3720373,1,14,7,10,1,1,14,7,6,9,1
0,0.43078366,1,29,9,40,1,1,1,7,11,9,30
1,0.27528068,1,14,12,22,1,1,1,7,11,9,30
0,0.46678638,1,16,16,18,1,1,1,7,13,9,30
1,-0.020222351,1,5,7,46,1,1,1,7,15,9,30
1,0.6437079,1,13,15,11,1,1,7,1,3,9,1
1,0.607025,1,1,11,30,1,1,0,7,0,0,20
0,0.39598793,1,8,5,48,1,1,14,7,5,9,1
0,0.31056985,1,8,8,50,1,1,14,7,3,9,1
1,0.56612873,12,26,14,50,2,4,0,7,0,0,20
1,0.80304396,1,5,11,30,1,1,7,1,3,9,1
1,0.34370008,12,28,13,20,1,1,14,7,3,9,1
1,0.017984947,1,19,17,25,1,1,1,7,12,9,30
0,0.6650178,1,9,14,15,1,1,14,7,3,9,1
1,0.9404903,1,3,13,40,2,3,7,7,3,7,1
1,0.27087602,1,21,9,28,1,1,1,7,12,9,30
1,0.53232485,1,27,16,35,1,1,14,7,5,9,1
0,1.0289648,1,5,13,6,5,4,13,7,4,4,1
1,1.0643692,1,6,16,30,5,4,14,7,6,9,1
1,0.42301598,1,19,6,50,1,1,14,7,3,7,1
1,0.7373527,1,15,14,19,1,1,14,7,3,9,1
1,0.62577665,1,3,14,45,1,1,14,7,5,9,1
0,-0.24654959,1,7,9,0,1,1,1,1,19,9,30
1,0.5185937,12,30,12,2,1,1,1,1,18,9,30
0,1.0144745,1,9,16,35,1,1,14,7,5,7,1
0,0.32646137,1,14,11,42,1,1,1,7,14,9,30
0,0.7099082,12,10,9,0,1,1,14,7,3,9,1
0,0.12955509,1,17,14,15,1,1,1,7,12,8,30
0,0.0040753456,1,2,14,50,1,1,7,7,1,8,1
0,1.052083,1,17,10,27,1,1,0,7,0,0,20
0,0.5185957,1,5,16,15,1,1,14,7,3,9,1
1,0.8160885,1,30,17,8,2,1,14,7,4,9,1
0,0.047662392,1,25,19,25,3,1,1,1,18,9,30
1,0.7892544,1,17,7,35,2,3,1,7,15,9,30
1,0.7533772,12,28,16,45,1,1,14,7,4,9,1
0,0.60332465,10,30,15,50,1,1,14,7,2,9,1
1,0.7918944,1,4,16,49,2,3,14,7,3,9,1
0,-0.06363237,1,27,18,30,1,1,1,1,15,9,30
0,0.3173838,12,10,6,48,1,1,1,7,12,9,30
1,0.5274913,1,25,6,45,1,1,14,7,3,9,1
1,0.6713101,12,15,15,47,1,1,7,7,3,9,1
1,1.1545125,1,1,16,35,1,3,14,7,3,9,1
1,0.11107948,1,29,22,25,1,1,1,7,11,9,30
1,0.33420232,12,31,7,37,5,3,7,1,4,9,1
0,-0.07779824,1,28,18,57,1,1,1,7,12,9,30
1,0.3088268,1,8,11,50,1,1,1,1,15,9,30
0,0.42188227,12,28,22,15,1,1,14,7,1,9,1
0,0.72779554,12,22,11,45,1,1,14,7,2,9,1
1,0.70080906,1,5,14,20,1,1,14,7,3,9,1
0,0.17324877,1,31,7,45,1,1,1,8,15,9,30
0,0.81952614,1,7,17,20,2,3,14,7,3,9,1
0,-0.055455923,1,31,5,43,1,1,1,1,15,9,30
0,0.94902164,12,26,15,8,5,3,13,7,3,5,1
1,0.75706875,1,7,8,25,2,3,7,1,4,8,1
1,0.52209896,1,7,8,32,1,3,14,7,4,8,1
1,0.52389556,1,2,19,40,1,1,7,1,4,9,1
1,0.61044526,1,19,12,54,1,1,1,1,15,9,30
1,0.6308968,1,12,17,43,1,1,14,7,4,9,1
1,0.21227115,1,4,14,30,1,1,14,7,2,9,1
0,0.22092076,1,12,11,45,1,1,1,1,15,9,30
1,0.7034391,12,19,18,43,1,1,14,7,4,9,1
1,0.6386688,1,4,17,17,2,2,7,1,4,9,1
1,-0.07295976,1,16,22,26,1,1,14,7,3,9,1
0,0.4266001,1,24,16,8,1,1,1,1,15,9,30
0,0.56996226,1,12,17,55,1,1,14,7,2,9,20
0,0.10393963,1,18,8,15,1,1,1,7,11,9,30
0,0.0027148742,1,17,17,40,1,1,1,7,11,7,30
1,0.42472136,1,1,8,58,5,3,14,7,3,9,1
1,0.5161309,1,28,0,1,2,1,1,1,16,9,30
0,-0.08368154,1,4,19,55,1,1,1,7,15,8,30
1,0.72779524,1,1,16,24,5,3,0,7,0,0,20
0,0.25970095,1,23,12,51,2,1,1,1,15,9,30
1,0.2983093,12,31,14,15,1,1,14,7,4,9,1
1,0.34525,1,20,9,25,1,1,0,7,0,0,20
1,0.44297245,1,27,22,39,1,1,1,1,15,9,30
1,0.39999872,1,3,13,35,1,1,14,7,3,9,1
1,1.3656632,1,2,16,55,5,4,1,2,14,9,30
1,0.6545888,1,6,10,40,1,3,14,7,3,9,1
1,0.46172753,1,12,8,13,5,1,1,7,11,9,30
0,0.05213488,1,6,17,40,2,2,1,1,16,9,30
1,0.5771065,12,3,13,50,1,1,14,7,3,9,1
0,0.6531855,1,18,17,33,5,3,14,1,4,9,1
0,0.47330153,1,25,9,45,1,1,14,7,3,9,1
0,0.124068536,1,13,17,0,5,2,14,7,3,9,1
0,0.6729241,12,30,10,28,3,2,14,7,3,9,1
1,0.36634278,11,26,14,7,1,1,1,2,12,9,30
1,0.62576985,12,31,17,5,5,3,14,7,3,9,1
1,0.8933397,1,24,16,18,2,1,7,7,3,9,1
0,0.9076359,1,7,19,30,1,1,37,1,4,9,1
1,0.4376432,1,6,14,40,2,2,13,7,3,3,1
0,0.9509153,1,6,20,40,1,3,14,7,2,9,20
0,0.1906655,12,26,9,8,1,1,1,7,15,9,30
1,0.31430662,1,19,10,25,1,1,14,7,4,9,1
1,0.9690291,1,19,2,9,1,1,14,7,3,9,1
0,0.48953426,1,24,13,20,2,1,1,2,15,9,30
1,0.8017646,1,9,14,15,1,1,7,1,3,9,1
0,0.9290301,1,24,9,22,1,1,14,7,5,9,1
0,0.89283895,1,6,17,30,5,4,14,7,3,9,1
0,0.19255884,1,15,11,55,1,1,1,7,12,9,30
0,0.6426935,1,16,8,17,1,1,1,7,12,9,30
1,0.44654116,1,1,18,5,1,1,1,1,15,9,30
1,0.9711713,12,30,12,20,1,1,14,7,5,9,1
1,0.19402854,1,22,17,30,1,1,1,1,14,8,30
1,0.6323262,1,6,22,45,2,3,12,7,4,9,1
1,0.6812603,1,24,6,0,1,1,1,1,19,9,30
0,1.0119543,1,21,9,40,1,3,1,1,19,9,30
0,0.15255482,1,6,17,3,1,1,14,7,3,9,1
1,0.4785557,1,12,14,30,1,1,14,7,5,9,1
1,0.7520791,1,24,12,7,1,1,14,7,5,9,1
0,0.0134997545,1,6,14,27,5,2,1,1,15,9,30
1,0.88157445,12,23,14,40,1,1,1,7,12,9,30
1,0.6200202,1,2,20,40,2,1,14,7,3,9,1
0,0.59364486,1,18,12,4,1,1,14,7,3,9,1
1,0.17195156,12,20,6,50,1,1,14,7,3,9,1
0,0.44073108,1,14,18,5,1,1,14,7,3,9,1
0,0.21204099,1,13,8,47,1,1,1,1,15,9,30
0,1.1108356,12,25,13,40,1,1,1,1,16,9,30
0,0.83213156,12,21,13,0,1,1,1,7,12,9,30
1,0.9358416,1,1,21,34,2,3,7,1,5,9,1
1,0.9667717,1,1,11,12,1,1,7,1,6,9,1
0,0.258085,1,21,11,5,1,1,1,7,12,9,30
0,0.4253734,1,17,8,16,1,1,1,7,12,9,30
0,1.1379006,1,11,10,20,2,2,0,7,0,0,20
1,0.63485825,1,13,16,0,2,3,14,7,4,8,1
0,0.11338277,1,30,13,55,2,1,1,1,15,9,30
1,-0.07090978,1,19,11,30,1,1,14,7,3,9,1
0,0.13015446,1,18,9,5,1,1,14,7,4,9,1
0,0.23224159,1,25,8,17,1,1,1,7,15,9,30
0,0.77977675,1,10,8,17,1,1,13,7,3,3,1
0,-0.040048666,1,9,22,44,1,1,1,1,15,9,30
1,0.82868135,1,29,16,50,1,1,0,7,0,0,20
0,0.5364386,12,16,18,16,1,1,14,7,3,9,1
0,0.8027848,1,9,15,15,2,1,14,7,4,9,1
1,0.1806475,1,29,12,26,1,1,1,7,11,9,30
1,1.3764781,12,30,9,35,5,3,7,1,4,9,1
0,0.105433695,1,28,17,40,1,1,1,7,12,9,30
0,0.7629097,11,6,6,30,1,1,1,1,12,8,30
0,0.24103613,1,17,21,23,1,1,1,8,18,9,30
1,1.0441421,1,3,15,0,1,1,1,7,11,9,30
1,0.87193125,1,9,18,25,1,1,14,7,2,9,1
0,0.42881215,1,18,8,17,1,1,14,7,2,8,1
1,1.0749527,12,27,11,50,5,4,1,7,13,9,30
1,0.17901833,12,23,18,42,1,1,1,1,18,9,30
0,0.64021075,1,25,7,7,1,1,14,2,4,9,1
1,0.28184947,1,11,16,0,3,2,7,1,5,9,1
1,0.23708348,1,15,11,15,1,1,14,7,3,9,1
1,0.110479146,1,16,9,15,1,1,14,7,3,9,1
0,0.28964248,1,1,18,40,1,1,1,7,11,9,30
1,0.3850449,12,31,13,8,5,4,7,7,3,9,1
1,1.0416231,12,30,17,38,1,1,1,2,13,9,30
0,0.89678043,1,13,21,0,1,1,14,7,3,9,1
1,0.9862336,12,15,15,15,2,2,13,5,3,3,1
1,1.1533905,1,5,15,10,1,3,14,7,3,8,1
0,0.2788505,1,6,13,5,5,2,14,7,3,8,1
1,0.8113099,1,5,14,20,2,1,14,7,5,9,1
1,0.58686745,1,16,12,47,3,2,14,7,5,9,1
0,0.36899105,1,13,17,23,1,1,1,7,15,8,30
0,0.49466705,1,6,15,25,1,2,1,7,15,9,30
0,0.2959887,1,27,22,11,1,1,7,1,6,9,1
1,0.5115659,1,8,8,27,1,1,13,7,3,4,20
0,0.6527383,1,3,21,0,1,1,14,7,3,9,1
1,0.72452116,12,4,19,31,1,1,1,1,15,9,30
0,0.3148351,1,28,8,40,1,1,1,1,15,8,30
0,0.7585802,1,14,14,8,1,1,7,7,3,3,1
0,0.6279669,1,28,9,30,1,1,1,7,15,7,30
0,-0.107051626,1,23,16,15,2,1,1,7,14,8,30
1,0.12955876,1,29,22,52,1,1,1,7,12,9,30
0,0.16753235,1,15,18,35,1,1,1,1,15,9,30
1,0.9852934,1,5,13,30,1,3,14,7,3,9,1
0,0.35591656,1,24,16,17,1,1,14,7,3,9,20
1,0.060935326,1,22,9,40,1,1,1,1,15,9,30
0,0.406743,1,29,16,35,1,1,1,1,15,9,30
0,0.29027745,1,17,15,16,1,1,1,7,15,9,30
0,0.7449365,12,25,14,50,2,1,14,7,5,9,1
1,0.25369626,1,5,12,8,1,1,0,7,0,0,20
0,0.36169583,1,7,22,48,1,1,13,7,3,2,20
1,0.7372398,1,4,17,47,1,1,7,1,3,8,1
1,0.42996046,1,21,20,12,1,1,14,7,4,9,1
1,0.5521039,1,23,15,20,1,1,7,7,4,9,20
0,-0.07957118,1,13,13,20,1,1,1,8,19,9,30
0,0.7899151,12,21,12,35,2,1,14,7,5,9,1
0,0.38379765,1,29,12,0,2,1,0,7,0,0,20
0,0.41426948,1,22,11,5,1,1,7,7,2,9,20
0,0.45414653,1,13,17,35,1,1,14,7,3,7,1
0,0.6545576,1,22,16,20,1,1,14,7,3,9,1
0,0.57866657,1,10,17,43,1,1,14,7,3,9,20
1,1.07875,1,22,9,37,2,1,1,7,14,3,30
0,0.871896,1,20,12,5,1,1,1,7,15,9,30
1,0.9031794,1,7,12,20,1,3,14,7,3,8,20
0,0.06501041,1,18,11,30,1,1,1,7,12,9,30
1,0.6032725,1,6,19,40,1,3,12,7,5,9,1
1,0.6437563,1,17,10,23,1,1,0,7,0,0,20
0,0.3596876,1,7,12,21,1,1,1,7,15,9,30
0,-0.028482439,1,18,19,25,1,1,1,1,15,9,30
0,0.077969044,1,10,10,15,1,1,1,7,15,9,30
0,0.683129,1,5,10,53,1,1,1,7,14,6,30
1,0.42167246,1,11,18,20,2,4,1,7,15,9,30
0,0.026046736,1,21,18,40,1,1,1,7,15,9,30
1,0.2372049,1,6,14,59,5,4,14,7,3,9,1
1,-0.0042367987,1,31,9,0,1,1,14,7,3,7,1
0,0.82868695,12,22,16,20,1,1,7,8,4,9,1
1,0.6455484,1,1,9,53,1,1,14,7,6,9,1
0,0.94420654,1,8,12,10,1,1,1,2,15,9,30
0,0.13250142,1,22,13,25,1,1,14,7,3,9,1
0,0.79807353,1,3,18,27,2,1,1,1,15,9,30
0,0.15278779,1,29,15,20,1,1,14,7,3,9,1
1,0.4918336,1,8,15,15,5,2,7,1,4,9,1
0,0.50764537,1,24,17,35,1,1,14,7,3,9,1
0,0.5334693,1,25,7,50,1,1,14,7,3,9,1
0,0.51913553,12,28,15,58,1,1,14,7,5,9,1
0,0.11687352,12,13,20,50,1,1,1,1,14,9,30
0,0.3426795,1,10,18,38,1,1,1,7,15,9,30
1,0.42783654,1,7,8,35,1,2,14,7,3,9,1
0,0.6486285,1,13,17,19,5,2,1,1,18,9,30
1,0.9705581,12,30,16,50,1,1,1,1,12,9,30
1,0.8823068,12,31,10,23,5,4,1,1,11,9,30
1,0.82401305,1,14,10,51,5,4,1,1,18,9,30
0,0.64751697,12,29,14,2,2,2,14,7,3,9,1
0,0.60917485,1,15,21,38,1,1,7,7,2,9,1
1,0.5774177,12,20,12,30,1,1,14,7,4,9,1
1,0.5172594,1,12,12,15,5,2,11,7,5,9,1
0,-0.0060312296,1,5,10,8,1,1,1,8,15,9,30
0,0.35081616,1,4,16,30,1,1,14,7,3,7,20
1,0.40933138,12,31,14,19,1,1,12,7,3,2,1
1,0.46236348,1,31,11,34,1,1,7,1,3,8,1
1,0.42999467,12,9,19,45,1,1,14,2,4,9,1
0,0.47527272,1,22,20,20,2,1,1,1,18,9,30
0,0.17599276,1,17,18,5,1,1,1,7,14,9,30
1,0.34122136,1,11,16,20,1,1,14,7,4,9,20
1,0.9047501,12,12,16,1,1,1,7,1,3,9,1
1,-0.29908815,1,4,10,20,1,1,1,7,15,9,30
0,0.22886015,1,29,11,0,1,1,1,7,11,9,30
1,0.07339406,1,27,1,5,1,1,1,7,15,9,30
0,0.028553566,1,18,7,50,1,1,1,7,15,9,30
1,0.62768507,12,19,15,41,1,1,14,7,3,9,20
0,0.5736166,12,31,10,25,5,3,7,8,3,9,1
0,0.5113019,1,7,11,25,1,1,14,7,4,9,1
0,0.5905713,1,9,9,40,1,1,14,7,1,9,1
0,0.04437214,1,21,5,35,1,1,1,1,12,9,30
1,-0.07090978,1,19,11,30,1,1,14,7,3,9,1
1,0.4694306,1,7,10,20,1,1,14,7,6,9,1
1,0.8787808,12,24,15,10,2,3,1,2,14,9,30
0,0.81846625,11,2,12,55,1,1,14,7,3,9,1
1,0.82264537,1,6,16,57,5,4,7,7,2,9,1
1,0.70328313,11,6,7,47,1,1,12,7,3,6,1
1,0.60330194,1,1,11,33,1,1,14,7,5,9,1
1,1.1013709,12,31,14,22,1,1,0,7,0,0,20
0,0.091790356,1,3,20,55,3,2,1,2,15,9,30
1,1.1375282,1,4,17,48,2,3,7,7,3,8,1
1,-0.28850833,1,17,17,55,2,1,1,7,11,9,30
0,0.18890585,1,9,13,17,1,1,1,7,14,9,30
0,0.16894068,1,20,16,5,1,1,1,7,15,7,30
0,0.1302441,1,14,11,54,1,1,0,7,0,0,20
1,0.9992709,1,7,9,45,1,3,7,1,1,9,1
0,-0.034612842,1,11,18,30,2,2,1,1,15,9,30
0,1.0163769,12,31,13,45,5,4,1,7,14,9,30
1,0.3838841,1,23,12,0,2,1,1,7,11,9,30
0,0.4574725,1,20,13,24,1,1,1,7,15,9,30
0,0.5177108,1,10,12,0,2,1,1,4,11,9,30
1,0.9968399,1,5,15,30,2,3,7,7,3,9,1
0,0.86973834,1,22,10,55,1,1,14,7,4,9,1
0,0.46607685,1,15,15,42,1,1,14,7,2,9,1
1,0.19288711,12,8,7,55,3,2,14,7,4,9,1
1,0.18523188,1,3,18,0,1,2,14,7,3,9,1
0,0.004764304,1,14,18,30,1,1,1,7,12,9,30
0,0.41144648,1,7,16,45,1,1,14,7,2,9,1
1,0.2530749,1,21,8,45,1,1,1,1,15,9,30
0,0.47389203,1,13,7,35,1,1,1,1,19,9,30
1,0.08299939,1,4,9,30,1,1,1,7,14,9,30
1,0.71310335,1,7,11,18,1,2,14,7,4,9,1
0,0.64543545,1,14,5,23,1,1,1,7,12,9,30
1,0.33717084,1,8,19,2,1,1,1,7,14,9,30
0,0.105809614,1,8,19,40,1,1,14,7,3,9,1
0,0.4035119,1,4,17,45,1,1,14,7,3,9,1
1,-0.12924632,1,12,18,40,1,1,1,1,15,9,30
1,0.49760148,1,9,12,45,1,1,1,7,15,9,30
1,0.56782246,1,17,15,25,1,1,7,2,3,9,1
0,0.27313626,12,13,8,58,1,1,1,7,15,9,30
1,-0.30613613,1,6,18,40,1,1,1,7,12,9,30
1,0.5476748,1,4,19,13,5,3,14,7,3,9,1
1,-0.16035198,1,31,18,25,1,1,1,1,15,9,30
1,0.13246332,1,21,7,25,1,1,14,7,6,9,1
1,0.89786506,12,27,16,50,1,1,14,7,3,9,20
1,0.28748882,1,27,11,4,1,1,14,7,3,9,1
1,0.3973319,1,1,11,35,1,1,1,2,12,9,30
0,0.24996562,1,7,8,45,1,3,14,7,3,8,1
1,0.09151685,12,17,18,40,3,2,1,7,11,9,30
1,0.44403985,1,27,9,0,2,3,14,7,3,9,1
1,0.7702769,1,9,15,0,1,1,1,7,12,9,30
0,1.0354913,11,5,12,22,1,1,1,1,12,9,30
0,0.54075813,11,3,19,20,1,1,14,7,3,9,1
0,-0.10186885,1,10,17,55,2,1,0,7,0,0,20
1,0.30972594,1,17,13,50,1,1,14,1,5,9,1
1,0.28540614,11,28,17,0,1,1,7,7,2,6,20
0,0.83581215,1,13,12,10,1,1,7,1,3,6,1
1,0.8250065,1,10,17,20,2,1,14,7,4,9,1
1,1.4323869,12,1,23,30,2,1,14,7,2,9,1
1,0.08829284,12,27,22,58,1,1,1,7,15,9,30
0,0.50914544,1,17,9,45,1,1,1,7,11,9,30
1,0.7596978,1,4,16,17,5,3,1,1,15,9,30
0,0.89981407,1,9,16,15,1,1,14,7,4,9,1
1,0.5843211,1,11,9,25,2,2,1,7,12,9,30
0,0.44675443,1,7,9,44,1,1,14,7,3,8,1
0,0.6228007,1,15,20,45,1,1,13,7,4,3,1
1,0.8319156,1,6,18,34,2,3,7,1,5,9,1
1,0.5492113,1,17,18,15,1,1,7,1,3,9,1
1,0.4945395,1,16,9,34,1,3,1,7,16,9,30
1,0.51134384,1,21,8,10,2,3,7,1,3,8,1
0,0.5234876,1,18,17,28,1,1,14,7,3,8,1
1,-0.25916743,12,23,20,55,1,1,1,7,15,9,30
0,0.57374847,12,30,20,20,1,1,1,1,19,9,30
0,0.16056058,1,6,13,38,5,2,14,7,5,8,1
0,0.5039619,1,25,7,35,2,1,0,7,0,0,20
1,0.41092995,1,9,9,0,1,1,14,7,3,9,1
0,0.5596839,1,5,13,15,1,1,1,1,15,9,30
0,0.25354216,1,25,17,40,2,1,1,1,12,9,30
1,0.36588487,1,4,16,57,2,2,0,7,0,0,20
0,0.17417069,1,28,15,40,1,5,0,7,0,0,20
0,-0.004724024,1,31,17,4,1,1,14,7,2,9,1
0,1.4373008,1,10,20,17,2,1,0,7,0,0,20
1,0.6633675,12,17,16,19,1,1,1,7,11,9,30
1,0.68473923,12,30,16,32,5,4,14,7,3,9,1
1,1.446863,12,29,22,23,1,1,14,7,5,9,1
1,0.4733013,12,24,7,42,1,1,1,1,15,9,30
0,0.43089357,11,18,19,10,2,1,1,1,19,9,30
0,0.6145291,1,14,7,10,1,1,14,7,3,9,1
1,0.71065587,1,7,19,1,1,1,7,1,4,9,1
1,0.5990573,1,10,12,53,2,1,14,7,4,9,1
1,0.7025684,1,23,12,18,2,1,1,7,12,9,30
1,0.31925336,1,21,17,35,1,1,14,7,3,9,1
1,0.60625994,1,4,17,55,1,1,14,7,5,8,20
1,0.7901427,1,30,18,35,1,1,14,7,5,9,1
0,0.19428706,1,6,16,6,5,2,14,7,3,9,1
0,0.4304917,1,13,8,16,1,1,1,1,15,8,30
0,0.1907815,1,9,10,0,1,1,1,7,15,9,30
1,0.9616002,12,27,12,37,1,1,14,7,3,9,1
1,0.19792359,1,20,7,35,1,1,14,7,4,9,1
1,0.78473103,12,25,16,55,1,1,7,7,5,9,1
0,0.39203343,1,1,7,3,1,1,1,1,15,9,30
0,1.1009346,1,7,5,5,1,3,12,7,2,7,20
1,-0.03497386,1,12,15,55,1,1,1,1,15,9,30
0,0.7766527,12,26,5,15,1,1,1,1,15,9,30
0,0.35986477,12,4,15,38,1,1,14,7,3,9,1
0,1.0139792,1,6,20,40,1,4,14,7,2,9,1
1,0.32195574,1,4,15,51,1,1,1,1,15,9,30
0,0.80203384,1,9,17,5,1,1,14,7,3,7,1
1,0.46600357,1,7,14,56,1,1,1,7,12,9,30
1,0.38290328,1,20,8,15,1,1,14,7,3,9,1
0,0.92276794,12,25,13,18,1,1,14,7,3,9,1
0,0.19773383,1,4,20,5,1,1,1,7,15,9,30
0,0.34038284,12,12,5,23,1,1,1,7,16,9,30
0,0.4276752,1,20,15,5,1,1,1,1,14,9,30
1,0.783356,1,7,10,20,1,3,14,7,5,9,1
0,0.5104815,1,6,14,25,1,1,1,7,15,9,30
0,0.44389555,1,10,14,53,1,1,7,1,3,9,1
0,0.5920874,12,19,17,10,3,2,1,1,15,3,30
0,0.8302112,1,22,11,13,1,1,14,7,2,9,1
0,1.0856401,12,24,18,18,1,1,7,1,5,9,1
0,-0.037745293,1,22,9,5,1,1,1,7,14,9,30
0,0.3893919,1,4,13,34,1,1,0,7,0,0,20
1,0.49786323,1,30,4,6,1,1,13,7,5,3,1
1,1.0224138,1,6,17,30,5,4,14,7,4,8,1
0,0.6422188,1,2,16,0,1,1,1,7,13,9,30
0,-0.024300903,1,12,7,35,1,1,1,7,12,9,30
0,0.4068321,1,29,18,33,1,1,1,7,14,9,30
1,0.6393039,1,18,9,0,1,1,7,1,4,9,1
0,0.2387022,1,27,17,20,2,1,1,7,15,9,30
1,0.6892676,1,18,12,20,1,1,1,7,12,9,30
1,0.7062675,1,9,18,15,1,1,12,7,3,9,1
0,0.97189945,12,18,16,5,2,4,13,7,3,3,1
1,0.58835334,12,19,10,41,1,1,14,7,4,9,1
0,0.67674345,1,3,18,20,1,1,7,7,2,9,1
1,0.53615236,1,2,13,20,1,2,0,7,0,0,20
1,0.45796183,1,21,16,10,1,1,1,7,12,9,30
0,-0.15003419,1,12,8,10,1,1,14,7,3,8,1
0,0.010616631,1,6,7,0,1,1,1,1,15,9,30
0,0.12757646,1,9,7,49,1,1,1,1,15,9,30
0,0.31385547,1,21,21,40,1,1,1,7,14,9,30
1,0.99619836,1,18,19,18,2,3,7,2,5,2,1
0,0.04325962,1,26,8,45,2,1,14,7,3,9,20
1,0.8234412,12,30,22,20,3,2,14,1,3,9,1
1,0.40257066,1,27,16,45,1,1,1,7,11,9,30
0,-0.02332697,1,27,20,45,1,1,1,1,15,9,30
0,0.27408653,11,24,15,30,1,1,7,7,2,9,1
0,0.27792022,1,22,18,5,2,1,1,7,15,9,30
0,0.8057073,1,5,14,10,1,1,14,7,3,9,1
0,0.1322746,1,28,12,13,1,1,14,7,5,9,20
1,0.40789336,1,2,15,0,1,1,14,7,3,9,1
1,0.37253532,12,17,18,57,3,2,7,7,4,9,1
1,0.117853545,1,12,15,40,1,1,14,7,3,9,1
0,0.6958698,1,15,19,10,1,1,14,7,1,9,1
1,0.37974355,1,19,17,46,1,1,14,7,3,9,1
0,0.5442347,1,3,10,5,1,1,1,1,15,9,30
0,0.45078346,1,2,9,15,1,1,1,1,15,9,30
1,0.7893605,1,10,12,35,1,1,14,7,4,9,1
0,0.45901433,1,17,14,16,1,1,1,2,14,9,30
0,0.24126634,1,21,7,28,1,1,14,7,2,7,1
0,0.94385874,1,6,9,15,2,1,13,7,2,3,1
1,0.943062,1,5,16,49,2,3,12,7,4,9,1
0,0.40397766,1,23,13,25,2,1,1,7,14,9,30
0,0.9450292,1,28,7,0,5,3,1,1,14,9,30
0,0.8466723,1,14,16,52,5,4,13,7,5,1,1
0,0.5950524,12,27,21,0,1,1,14,7,3,9,20
0,0.29075357,1,9,11,0,1,1,1,7,15,9,30
0,0.48495826,1,26,8,47,1,2,14,7,3,9,1
0,0.07444067,1,18,8,50,1,1,14,7,3,9,1
0,0.8165567,1,15,11,5,1,1,13,7,4,2,1
1,1.3578898,1,3,14,22,2,3,14,7,2,9,1
1,0.50742626,12,21,7,35,1,1,1,7,12,9,30
0,0.16413686,1,20,6,40,1,1,1,7,12,9,30
1,0.49828592,1,20,17,57,5,4,7,7,3,9,1
1,1.039031,1,1,14,27,1,1,14,7,3,9,1
0,0.22521059,1,11,6,40,3,2,1,7,14,9,30
0,0.33110324,1,26,5,43,2,2,1,1,14,9,30
1,0.068804756,12,29,13,55,2,2,1,7,11,6,30
0,0.37471008,1,31,21,30,1,1,14,7,3,9,1
1,0.2024979,1,7,7,43,1,1,14,7,3,9,20
1,0.9537932,1,3,22,33,1,1,1,7,15,9,30
1,1.1300964,12,28,8,29,2,3,7,1,4,9,1
1,0.72450304,12,19,13,35,1,1,14,7,4,9,1
1,1.2354255,12,25,18,50,1,1,12,7,3,9,1
1,0.72955036,11,6,16,47,1,1,14,7,3,9,1
0,0.75422746,1,4,17,12,5,2,7,1,6,9,1
1,1.1817281,12,27,17,3,5,4,7,7,3,8,1
1,0.28087765,1,26,19,43,1,1,1,7,11,9,30
0,0.603197,12,7,16,53,3,2,14,7,4,9,1
1,1.0285532,1,5,8,47,1,3,7,1,3,9,1
0,0.15017667,12,27,5,55,1,1,1,8,16,9,30
0,0.16095221,1,14,16,29,1,1,1,7,11,9,30
1,1.1220034,1,10,18,27,1,1,7,1,5,9,1
0,0.12735605,1,18,15,25,1,1,14,7,3,9,1
1,0.46107686,1,29,16,42,1,1,1,1,13,9,30
1,0.8771897,12,23,22,8,2,1,14,7,6,9,1
0,0.003930472,1,14,18,45,1,1,1,7,15,9,30
0,0.0009982733,1,12,7,34,1,2,1,1,15,9,30
0,0.37892336,1,4,18,9,2,3,7,7,4,9,1
1,0.42383346,12,23,9,42,1,1,1,7,15,9,30
0,0.69557136,1,4,14,25,1,1,1,1,19,9,30
1,0.536266,1,3,16,6,1,1,14,7,1,9,1
1,0.96068776,12,24,23,21,1,1,7,1,3,9,1
1,0.7395506,1,25,8,15,1,1,0,7,0,0,20
1,0.5315504,12,26,12,55,1,1,0,7,0,0,20
0,0.513963,1,17,19,30,5,4,14,7,5,9,1
1,0.4625008,1,19,8,0,1,1,1,7,12,9,30
1,1.030094,1,30,12,10,2,1,7,1,5,9,1
0,0.48059747,1,7,13,30,1,1,7,7,3,2,1
0,-0.001403897,1,23,17,9,2,1,14,7,3,8,20
0,0.904863,1,7,8,45,1,1,0,7,0,0,20
1,0.3726267,10,31,21,13,1,1,14,7,5,9,1
0,0.42923975,1,10,11,21,2,1,1,7,11,1,30
1,0.88513404,1,6,9,10,1,3,7,1,5,8,1
0,0.28829044,1,12,15,45,1,1,12,7,3,9,1
0,0.7680887,1,9,12,0,1,1,1,1,17,9,30
1,1.254739,1,1,15,25,1,3,7,1,6,9,1
1,0.15371954,1,25,15,30,2,1,1,1,16,9,30
0,0.16976902,1,16,15,52,1,1,7,7,1,9,1
1,0.676535,12,28,13,8,5,3,12,7,3,8,1
0,0.68371785,1,19,10,22,2,1,14,7,3,9,1
1,0.60345495,1,14,7,40,1,1,13,7,3,5,1
0,0.47692677,1,14,16,23,1,1,14,7,3,9,1
1,0.6770417,1,20,7,49,1,1,7,1,3,9,1
0,0.58338475,1,17,17,50,1,1,7,7,2,9,1
1,0.7093665,12,28,17,35,1,1,1,1,15,9,30
1,0.5696118,12,23,18,29,1,1,14,7,3,9,1
0,0.65795547,1,27,6,40,1,1,14,7,3,9,1
0,-0.01951198,1,25,17,45,2,1,1,1,15,9,30
1,0.53036493,1,8,15,50,1,1,14,7,3,9,1
0,0.38521463,1,6,15,17,1,1,1,7,15,9,30
1,0.8533865,1,17,16,3,1,1,13,7,4,6,1
0,0.1849581,1,23,20,30,2,1,1,7,14,9,30
0,0.6522674,12,30,18,2,1,1,1,7,11,8,30
0,0.4319527,1,13,8,45,1,1,14,7,3,9,1
0,0.9269286,1,6,14,30,5,4,14,7,3,8,1
0,0.21830939,1,5,19,5,1,1,1,1,15,9,30
1,0.9287477,1,2,11,23,1,1,7,1,3,9,1
1,0.6065372,1,29,3,34,1,1,14,7,4,7,1
1,0.8693921,1,14,12,24,1,1,7,1,3,9,1
1,0.34149048,12,30,3,12,1,1,1,7,15,9,30
0,0.47112155,1,25,13,4,2,1,14,7,3,9,1
1,0.6464845,1,8,16,34,1,1,14,7,3,9,1
0,0.47569624,1,18,14,55,5,4,13,7,4,5,1
1,1.0123628,12,31,12,30,2,1,1,2,12,9,30
0,0.55326617,1,12,7,35,5,4,1,7,11,9,30
0,0.41401142,12,11,8,20,1,1,1,2,14,9,30
1,0.7367192,1,16,2,22,1,1,7,1,5,7,1
1,0.76844156,1,1,14,50,1,1,14,7,4,7,1
1,0.6035036,12,29,20,38,1,1,14,7,5,9,1
1,0.4744122,1,8,15,36,1,1,1,1,12,9,30
0,0.99827105,12,10,8,23,1,1,14,7,3,9,20
0,0.47694725,1,16,9,18,1,1,1,1,18,9,30
1,0.5217695,12,31,18,5,1,1,14,7,4,9,1
0,0.15369576,1,29,10,29,1,1,1,1,19,9,30
0,0.45903596,1,12,8,50,1,1,14,7,2,9,1
1,0.6311592,1,18,8,40,1,1,14,7,1,9,1
0,0.32787132,12,20,14,20,1,1,14,7,2,9,1
0,0.93713033,1,6,14,30,5,4,14,7,2,7,1
0,0.7029027,12,26,22,30,1,1,14,7,3,9,1
0,0.33729953,1,18,13,16,1,1,1,7,14,4,30
1,0.6369543,1,5,13,35,1,1,7,1,5,9,1
0,0.6879985,1,13,17,10,1,1,1,1,15,9,30
1,0.9296966,12,21,17,58,3,2,14,7,5,9,1
1,0.68702453,1,5,16,1,2,3,13,7,3,6,1
1,0.8868076,12,30,12,5,1,2,1,1,15,9,30
0,0.48178247,1,15,18,24,2,2,1,7,17,9,30
1,1.1401486,12,31,9,41,1,1,1,7,11,9,30
0,1.0259633,1,6,17,9,1,3,14,7,2,9,1
1,0.15001266,1,31,10,0,1,1,14,7,4,9,1
1,0.0672361,1,18,11,25,1,1,14,7,3,9,1
1,0.53428096,1,20,15,40,2,3,14,7,3,9,20
0,0.09564155,1,12,5,8,1,1,1,1,15,9,30
0,0.2021086,1,15,12,45,1,1,1,1,12,9,30
1,1.0224124,1,15,23,25,2,1,7,1,5,9,1
0,0.69858634,1,10,7,20,1,1,14,7,3,9,1
1,0.11293289,1,21,18,40,1,1,1,2,14,9,30
0,0.5282583,1,22,14,45,1,1,0,7,0,0,20
0,0.5602566,1,5,10,15,1,1,1,1,15,9,30
1,0.25200692,1,27,15,20,1,1,1,7,11,9,30
1,1.0707365,1,6,22,18,1,3,14,7,2,7,1
1,0.45940208,12,23,15,10,1,1,14,7,3,9,1
1,0.52570426,12,31,12,20,5,4,14,7,3,9,1
0,0.4301636,1,19,15,0,1,1,14,7,2,9,1
1,0.53149843,1,7,8,27,1,1,1,7,11,9,30
0,0.14241096,1,6,22,10,2,3,7,1,5,8,1
0,0.13586058,1,5,19,53,1,1,1,1,15,9,30
0,0.48218948,1,13,14,27,5,2,1,7,15,9,30
1,0.77989984,12,25,21,40,2,1,1,1,16,9,30
1,0.2286204,1,23,14,10,2,1,1,7,11,9,30
1,-0.051969565,1,15,13,20,1,1,1,7,11,9,30
1,0.8316481,1,7,10,36,1,3,14,7,3,8,1
0,0.12963092,1,10,3,0,1,1,1,1,12,9,30
1,0.9328681,1,11,14,27,3,2,14,7,4,9,1
0,0.08727186,1,7,7,50,1,3,14,7,3,9,20
1,0.51066476,1,3,13,55,1,1,12,7,3,9,1
0,0.35151395,1,21,18,55,1,1,14,7,3,9,1
0,0.61659604,12,21,14,40,1,1,1,7,15,9,30
1,0.08797012,1,12,19,3,5,2,7,1,3,9,1
1,0.5049238,1,10,16,35,2,1,14,7,3,9,1
1,0.839883,1,4,10,45,5,3,1,3,15,8,30
1,1.0514838,1,6,16,55,5,4,14,7,3,8,1
1,0.6791798,1,4,8,22,1,1,7,1,5,9,1
1,0.94807523,1,6,16,31,5,4,13,7,3,3,1
0,0.6772272,12,30,21,15,1,1,14,7,3,9,1
0,-0.1477205,1,7,5,45,1,3,14,7,2,9,1
0,0.33441,1,26,8,35,2,1,14,7,3,9,1
0,0.20666067,1,29,10,45,2,1,1,7,15,9,30
1,1.2717725,12,17,8,17,2,3,1,7,14,9,30
1,0.602881,1,18,9,40,1,1,14,2,3,9,1
0,0.5466516,1,20,14,38,1,1,1,1,16,9,30
0,0.47594345,1,10,8,57,2,1,1,1,15,9,30
1,0.21712708,1,15,18,10,1,1,1,1,16,9,30
1,0.9598919,1,16,9,35,2,3,7,7,3,9,1
1,0.21571897,1,14,6,55,1,1,1,7,12,9,30
1,0.84314525,1,9,20,30,1,1,14,7,4,9,1
1,0.37089005,1,15,9,43,1,1,1,7,11,9,30
1,0.9085308,12,22,18,30,2,4,7,1,4,9,1
1,0.5076808,1,19,9,41,1,1,14,7,1,9,20
0,0.12827203,1,17,18,21,1,1,1,1,15,8,30
1,0.48267168,1,15,9,30,1,3,14,7,2,9,1
0,0.17069188,1,7,17,50,1,1,1,7,11,9,30
0,0.7128315,1,23,13,20,1,1,1,1,15,4,30
1,0.3480168,1,7,9,5,1,3,14,7,3,8,1
1,0.25118607,1,11,13,35,2,2,13,7,3,3,1
0,0.27618402,1,25,20,20,3,2,1,7,15,9,30
1,0.40903214,1,18,12,24,5,2,14,7,2,9,1
0,0.5718999,1,11,7,30,2,2,14,7,3,9,1
0,0.69144565,1,14,8,15,1,1,7,7,2,9,1
1,0.66207737,1,20,14,7,1,1,14,7,3,9,1
0,0.67180693,12,31,16,0,1,1,1,1,15,9,30
1,0.70467746,1,3,10,3,2,4,1,1,17,9,30
0,0.39671963,1,7,1,26,2,3,14,7,5,7,1
0,0.73689145,1,19,13,15,1,1,14,7,4,9,1
1,0.0970084,1,18,19,27,1,1,1,7,11,9,30
0,0.51049405,1,5,12,5,1,1,14,7,4,9,20
1,0.84716606,1,1,10,30,1,1,14,7,3,8,1
1,1.299694,1,31,5,56,1,1,14,7,5,9,1
0,0.08452064,1,12,7,40,1,1,14,7,2,9,1
0,0.09827728,1,17,15,47,1,1,14,7,2,9,1
0,0.19661066,1,19,17,28,2,1,1,7,13,9,30
0,-0.0062099667,12,22,9,0,1,1,1,7,15,9,30
0,0.4914569,1,28,18,27,1,1,1,8,18,6,30
1,0.9674146,1,4,16,15,5,3,7,1,3,9,1
1,0.17610419,1,4,15,5,1,1,14,7,3,9,1
0,0.6911421,12,6,18,48,2,1,14,7,3,9,1
1,0.6857816,1,27,3,35,1,1,7,7,3,9,1
1,0.7721775,1,27,20,55,1,1,14,7,5,9,1
0,0.36588562,10,30,18,32,1,1,1,1,19,9,30
1,0.63257456,1,18,15,13,5,3,14,7,3,9,1
1,0.51793164,1,7,12,30,1,1,1,1,18,9,30
0,0.42126295,1,10,8,30,2,1,1,8,14,6,30
0,0.2084109,12,7,6,52,2,1,1,7,12,9,30
1,0.46430102,1,14,7,29,1,1,14,7,4,9,1
1,0.58093506,12,24,17,13,1,1,14,7,4,9,1
0,0.5932267,1,14,6,27,1,1,1,7,13,9,30
0,0.32448483,1,20,10,23,1,1,1,1,19,9,30
1,0.579975,1,23,13,35,2,1,14,7,3,9,1
0,0.81036705,1,5,0,59,5,3,14,1,4,9,1
0,0.24728319,1,4,9,55,1,1,1,7,12,9,30
1,0.9523112,12,25,16,48,5,4,7,7,5,9,1
0,0.91409373,1,7,10,45,1,1,0,7,0,0,20
0,0.29345772,1,27,7,55,1,1,1,7,12,9,30
0,0.41934332,1,30,21,17,1,1,14,7,4,9,20
0,0.55940163,1,3,5,50,1,1,7,1,5,9,1
0,0.32861954,1,28,19,20,1,1,1,7,15,9,30
0,0.97331405,1,6,16,35,5,4,1,7,16,1,30
1,0.6901735,12,29,18,10,2,3,14,7,4,9,1
1,0.7068023,1,1,16,0,1,1,14,7,5,9,1
1,0.3993861,12,25,14,55,1,1,1,1,15,9,30
0,0.16291809,1,20,7,2,1,1,1,1,11,7,30
0,1.058387,1,23,18,17,2,1,14,7,4,9,1
0,0.46864766,12,22,17,5,1,1,14,7,3,9,1
0,0.18618694,1,17,10,40,2,1,1,8,16,7,30
1,0.7949222,1,3,16,45,5,2,0,7,0,0,20
0,0.108954415,1,22,8,10,1,1,1,7,12,9,30
0,0.012270167,1,4,10,26,1,1,14,7,2,9,20
0,0.3901489,1,28,8,45,1,1,1,1,15,9,30
1,0.77973205,1,2,10,50,1,1,14,7,3,8,1
1,0.46418697,1,20,20,45,2,3,14,7,3,7,1
1,-0.010894629,1,18,7,6,1,1,1,7,15,9,30
0,1.2193147,12,24,16,50,2,2,14,7,5,9,1
0,0.9051282,1,12,13,16,5,4,14,7,5,9,1
0,0.88985276,12,30,10,6,3,2,0,7,0,0,20
0,0.6222053,1,21,8,18,1,1,1,7,12,9,30
0,0.06840797,1,29,14,55,1,1,1,7,11,9,30
1,1.1414937,1,2,14,24,1,1,14,7,3,9,1
1,0.6506959,1,15,11,40,1,1,7,2,3,9,1
0,0.7038796,1,28,8,28,2,1,0,7,0,0,20
1,0.7049789,1,9,14,28,1,1,7,1,3,9,1
0,0.22364934,1,4,21,10,1,1,1,1,12,8,30
0,0.92408156,12,14,19,25,1,1,14,7,4,9,1
0,1.1715937,12,30,11,45,1,1,1,7,11,9,30
0,0.70816475,1,8,17,49,2,1,14,7,4,9,1
1,0.49154708,1,22,21,0,1,1,1,1,15,9,30
1,0.81475693,1,5,11,5,1,1,7,7,3,9,1
0,0.33964473,1,5,14,35,1,1,1,7,12,9,30
1,0.37885055,1,30,15,27,1,1,1,7,15,9,30
1,0.39105883,1,4,14,59,1,1,13,7,3,6,1
1,0.2087378,12,25,10,15,5,2,1,7,12,9,30
0,0.36857095,1,28,18,10,1,1,1,7,14,9,30
0,-0.29111135,1,20,16,0,1,1,14,7,2,8,1
0,0.48787406,1,12,0,30,2,1,14,7,3,9,1
0,0.45374042,12,27,21,40,5,3,14,1,4,9,1
0,0.6112404,1,20,10,30,1,1,14,7,2,9,1
1,0.08222757,1,6,17,0,5,3,14,7,3,8,1
1,0.4327215,1,8,3,0,1,1,14,7,3,9,1
0,0.017105427,1,14,16,55,1,1,1,7,11,7,30
1,-0.04796645,1,8,10,14,1,1,14,7,5,8,1
0,0.35379595,1,12,16,0,1,1,1,7,12,9,30
1,0.7585866,1,13,15,0,1,1,14,7,5,9,1
0,0.5825782,12,31,13,45,1,1,14,7,3,9,1
1,0.73595273,1,14,16,20,1,1,14,7,4,8,1
1,0.88928103,1,19,7,21,2,2,14,7,3,9,1
0,0.2456853,1,13,8,45,1,1,1,7,13,9,30
1,0.89905065,1,10,16,50,1,1,7,7,5,9,1
1,0.43352744,1,19,7,45,1,1,1,7,11,9,30
1,0.13259906,1,20,16,45,1,1,1,1,15,9,30
0,0.3766324,1,14,10,5,1,1,14,7,5,8,1
1,0.7148234,1,18,17,58,2,3,0,7,0,0,20
1,0.78712714,1,11,13,25,3,2,14,7,4,9,1
0,0.4260147,1,29,12,7,1,1,14,7,3,9,1
1,0.021189114,1,28,20,0,1,1,1,1,12,9,30
0,0.7313061,12,22,17,15,2,1,14,7,4,9,1
1,1.0864577,1,20,12,7,1,1,14,7,5,9,1
0,0.52777857,1,7,8,15,1,3,7,7,3,9,1
1,0.40154245,1,22,19,55,1,1,14,7,2,9,1
0,1.1040037,1,21,14,22,1,1,14,7,4,9,1
0,0.90786827,1,6,8,50,2,2,7,1,3,9,1
1,0.6087547,12,17,17,30,3,1,1,1,15,9,30
0,0.07349652,1,11,11,50,3,2,0,7,0,0,20
0,0.12233332,1,22,19,25,1,1,1,7,12,9,30
1,0.1340865,1,5,13,48,1,1,1,7,12,9,30
0,0.40531343,1,4,16,36,1,1,0,7,0,0,20
0,1.1299396,12,8,16,14,1,1,1,2,17,9,30
1,0.90881395,12,25,18,9,3,1,13,7,3,3,20
0,0.73374456,1,14,14,20,5,4,1,1,15,9,30
0,0.53172594,1,25,9,52,1,1,1,7,12,9,30
0,0.6542588,1,24,14,12,1,1,1,1,15,9,30
0,0.15008724,1,1,6,55,1,1,1,7,14,8,30
0,1.0234057,1,5,20,20,2,1,0,7,0,0,20
1,0.63367707,12,31,12,36,5,3,14,7,3,9,1
1,0.2867359,1,8,9,24,1,1,14,7,4,8,1
1,0.7278765,12,31,2,30,2,1,14,7,5,9,1
1,0.8738993,12,29,11,40,1,1,14,7,3,9,1
0,0.6844339,1,21,17,8,2,3,14,7,3,9,1
1,1.0016024,1,10,12,44,2,1,7,1,2,9,1
1,1.0805242,1,5,9,25,1,4,12,7,2,7,1
1,0.88490164,1,24,7,30,1,2,7,1,4,9,1
0,0.6311128,1,19,19,57,1,1,1,7,13,9,30
1,1.0695416,1,2,10,51,1,1,1,1,18,9,30
0,0.20395179,1,12,11,40,1,1,14,7,3,9,1
1,0.22568813,1,6,16,10,5,2,1,7,12,9,30
1,0.8281936,12,16,8,20,2,1,14,7,3,9,1
1,1.1147057,12,18,17,20,2,3,7,1,5,9,1
1,1.2458825,1,1,15,25,1,1,7,1,5,9,1
1,1.0417703,1,17,9,54,2,4,7,1,4,9,1
0,0.35467803,1,18,7,45,1,1,7,7,4,8,1
1,1.275867,1,2,21,30,5,3,14,1,4,9,1
1,0.99575037,1,12,8,56,5,3,14,7,3,9,1
1,0.40953687,1,8,21,40,1,1,1,1,18,9,30
0,0.111597024,1,13,12,45,1,1,1,1,15,9,30
1,0.6338861,1,16,19,21,5,4,14,7,3,9,1
0,0.5194088,1,17,17,45,1,1,14,7,3,9,1
0,0.31608844,1,21,14,10,1,1,1,7,15,8,30
0,0.6561039,1,26,20,39,1,1,14,7,3,7,1
1,0.89436215,1,4,16,10,2,3,7,1,5,9,1
0,0.40415353,12,28,14,43,2,2,7,1,5,9,1
1,1.0747666,1,15,18,0,1,1,12,7,4,9,1
0,0.7108559,1,18,9,0,1,1,14,7,1,9,1
1,0.33588982,1,14,1,42,1,1,1,1,19,9,30
1,0.7474123,1,7,8,45,1,3,7,1,5,8,1
0,0.6452158,1,18,18,59,5,3,7,7,3,9,1
0,0.3741016,1,13,15,20,1,1,14,7,3,9,1
1,1.297222,12,15,18,50,1,1,14,7,4,9,1
0,0.21062762,1,28,7,0,1,1,1,7,11,9,30
0,0.3952623,1,9,8,45,1,1,1,7,11,9,30
0,0.38447216,1,14,15,35,1,1,1,1,15,9,30
1,1.003145,12,25,12,35,5,4,7,7,3,9,1
1,0.65898126,1,3,19,28,1,1,1,7,11,9,30
1,0.7519979,12,31,14,30,1,1,7,7,4,9,1
0,0.056372844,1,14,8,59,1,1,14,7,3,8,1
1,0.41079393,12,20,14,45,1,1,7,1,3,9,20
0,1.0877321,12,31,16,22,5,3,14,7,3,9,1
0,0.82391447,11,28,14,10,1,1,1,7,15,9,30
1,-0.29224485,1,27,18,55,2,1,1,1,18,9,30
0,0.2331754,1,21,8,20,1,1,1,7,11,9,30
0,0.25608048,1,28,10,20,1,1,1,7,15,8,30
1,0.75384957,1,15,8,40,1,1,1,1,19,9,30
1,-0.017767435,1,22,17,27,1,2,1,1,18,9,30
1,0.85377,12,27,16,30,2,3,14,7,4,9,1
1,0.3573519,12,11,11,1,1,1,1,1,16,9,30
0,0.31775072,1,14,11,55,1,1,1,7,15,8,30
0,0.33676124,1,27,10,8,1,1,14,7,3,9,1
0,0.28405213,1,7,8,5,1,1,12,7,3,7,1
1,0.8765172,12,14,17,35,1,1,1,1,18,9,30
0,-0.07014684,1,27,11,0,1,1,1,7,18,9,30
1,0.74642885,1,22,13,50,1,1,14,7,4,9,1
1,0.770757,1,12,12,33,5,4,1,1,19,9,30
1,0.38878974,1,12,21,18,1,1,14,7,3,9,1
1,0.6253385,1,2,9,5,1,1,11,7,6,9,1
1,0.33553228,1,17,8,12,1,1,14,7,1,9,1
1,0.6315733,12,22,16,15,1,1,14,7,3,9,1
0,0.36424804,1,21,17,5,1,1,1,1,15,3,30
1,0.85275996,11,21,16,20,3,2,14,7,3,9,1
1,0.6096615,12,12,16,13,3,2,14,7,4,9,1
0,0.124987796,12,24,18,30,1,1,1,1,16,9,30
0,-0.06706202,1,20,18,30,1,1,1,1,15,9,30
0,0.8082105,1,30,14,45,2,4,14,7,3,9,1
1,0.39811626,1,21,12,40,1,2,14,7,5,9,1
0,0.93229425,1,26,14,9,1,1,14,7,6,9,1
0,0.13750787,1,12,12,1,1,1,1,7,12,9,30
0,0.49477795,1,7,18,52,1,1,7,7,3,9,1
0,1.0176165,12,14,10,37,3,2,14,7,1,9,20
1,0.7782324,1,14,20,2,1,1,14,7,4,7,1
1,1.0565948,12,30,13,0,1,1,0,7,0,0,20
0,0.2952567,1,20,9,20,1,1,14,7,3,9,1
1,0.38237056,1,22,22,39,1,1,1,1,14,9,30
1,0.95456064,1,3,16,25,2,1,1,7,15,4,30
1,0.80760664,1,12,19,4,5,3,7,1,2,9,1
0,0.44170558,1,4,15,45,1,1,12,7,4,8,1
0,0.7187798,1,3,15,25,1,1,14,7,1,9,1
1,1.0377048,1,9,9,20,3,4,7,1,3,9,1
0,0.66364825,1,20,8,46,2,4,1,2,15,9,30
0,0.07969009,1,22,17,25,1,1,1,7,15,9,30
1,0.15473764,1,5,9,35,1,1,1,7,11,9,30
1,0.2945143,1,14,17,23,1,1,1,1,19,9,30
0,0.355591,1,19,16,15,1,1,1,7,14,9,30
1,0.23665477,1,6,17,0,5,3,14,7,3,9,20
0,0.09162281,1,25,8,30,1,1,1,7,14,9,30
0,0.36163342,1,4,17,35,1,1,1,7,12,9,30
1,0.39694813,11,30,10,6,1,1,1,7,15,9,30
1,0.9365176,10,10,13,23,1,1,1,1,16,9,30
0,0.23195681,1,11,6,15,3,2,1,7,18,9,30
1,0.75714177,12,19,16,57,1,1,7,7,3,9,1
0,0.24143548,1,5,12,21,1,1,1,7,14,9,30
0,0.2741693,1,12,12,50,1,1,14,7,2,9,1
1,0.9989256,12,7,7,22,1,2,7,7,4,9,1
0,0.87268543,12,30,16,10,3,2,1,7,14,9,30
0,0.2928172,1,12,18,11,1,1,1,1,15,9,30
1,-0.28081164,1,18,19,0,5,3,14,7,5,9,1
0,0.2996048,1,18,6,10,1,1,1,1,15,9,30
1,0.6019089,11,10,14,42,1,1,1,1,13,9,30
1,0.46188855,1,14,6,47,1,1,1,1,19,9,30
0,0.6910915,1,22,13,19,1,1,14,7,3,9,1
1,0.46326396,1,10,17,50,1,1,12,7,3,9,20
0,0.59247535,1,27,6,7,1,1,1,7,16,8,30
0,0.32437867,1,13,17,25,1,1,1,7,15,7,30
0,0.54424304,1,3,15,32,1,1,13,7,3,3,1
1,0.8299629,12,28,16,50,2,1,14,7,4,9,1
0,0.27522403,1,12,9,55,1,1,1,7,11,9,30
0,0.16556373,1,25,18,20,2,1,1,7,15,9,30
0,0.6379336,12,24,7,50,1,1,14,7,2,9,1
1,0.34305322,1,26,16,5,1,1,14,1,3,7,20
1,0.069465995,1,30,17,30,1,1,1,7,15,9,30
1,-0.047979865,1,19,10,23,2,1,1,7,16,9,30
1,0.47899008,1,2,10,50,1,1,1,1,15,9,30
1,1.0039839,1,13,13,28,2,4,7,1,3,9,1
1,0.7284185,1,9,12,28,1,1,7,7,3,9,1
1,0.67128086,1,2,14,5,1,1,11,7,4,9,1
0,0.3735336,1,20,10,34,1,1,14,7,3,9,1
0,0.52757305,1,13,17,15,1,1,7,7,3,9,1
0,0.6823876,1,22,17,47,1,1,14,7,3,9,1
0,-0.055002134,1,21,7,55,1,1,1,1,12,9,30
0,0.2341458,1,15,12,20,1,1,1,7,15,8,30
0,0.8857729,1,5,15,25,1,1,14,7,3,7,1
1,0.32675374,1,30,1,23,1,1,1,1,15,9,30
1,0.58787906,12,22,15,50,1,1,14,7,3,9,1
0,0.8186521,12,29,20,47,1,1,14,7,2,8,1
1,1.2073427,1,10,11,20,1,4,14,1,3,9,1
1,0.38022766,12,21,9,50,2,1,14,7,5,9,1
0,0.7597322,1,22,20,23,1,1,14,7,3,8,1
1,0.27410412,1,5,12,5,1,1,1,7,15,9,30
0,0.73795456,1,17,10,48,1,1,7,7,3,8,1
0,0.5007165,1,5,10,45,1,1,14,7,4,9,1
0,0.5851116,1,29,10,57,1,1,14,7,3,9,1
1,0.8942263,1,1,13,30,1,1,14,7,4,9,1
0,0.19554006,1,13,18,25,1,1,1,7,12,9,30
0,0.46802783,1,12,5,27,1,1,14,7,5,9,1
1,-0.034853023,1,27,9,35,1,1,14,7,3,9,1
0,-0.092261195,1,21,11,20,1,1,1,7,15,9,30
0,0.3387823,1,12,8,30,1,1,14,7,3,9,20
0,0.63440984,11,16,17,44,1,1,14,7,4,9,1
1,-0.05610224,12,9,0,2,3,2,1,1,18,9,30
0,0.6943612,12,9,20,30,2,1,1,7,12,9,30
0,-0.19971748,1,12,10,15,1,1,1,7,14,9,30
0,0.23149751,12,26,14,26,5,3,12,7,2,9,1
1,0.6263298,1,26,15,35,2,2,14,7,4,9,1
1,0.6303708,1,7,9,10,1,3,13,7,4,3,1
1,0.81525004,1,27,15,50,2,3,13,7,3,6,1
1,0.48742148,12,13,14,50,1,1,7,1,3,9,1
0,0.9300272,12,10,15,15,1,1,1,1,15,9,30
0,0.52662015,1,19,8,40,1,1,1,7,12,4,30
1,0.5153822,12,16,17,10,1,1,13,7,1,6,1
1,0.4411848,12,29,9,48,1,1,13,7,5,2,1
1,0.30578855,1,8,10,5,1,1,14,7,6,9,1
0,-0.009992962,1,11,14,35,3,2,14,7,2,9,20
0,0.26261726,1,17,17,50,5,4,1,1,12,9,30
0,0.28438616,1,7,18,10,1,1,1,7,11,9,30
1,0.58154285,10,16,11,50,1,1,14,7,5,9,1
1,0.66683686,12,23,12,31,2,1,1,7,11,9,30
1,0.74681604,1,4,23,25,1,1,7,8,4,9,1
1,0.8794711,1,2,18,25,2,1,1,1,15,9,30
0,0.395464,1,25,6,25,1,1,14,7,3,9,1
1,0.43753204,1,15,9,20,1,1,1,7,12,9,30
0,-0.13449934,1,18,6,30,1,1,1,1,16,9,30
1,0.23847549,1,5,15,15,1,1,1,7,11,9,30
0,0.10560877,1,17,11,50,1,1,1,1,15,9,30
0,0.54152405,1,5,17,15,1,1,1,1,15,9,30
1,0.50223327,1,15,15,25,1,1,14,7,4,9,1
0,0.7628626,1,10,15,10,2,1,7,7,3,9,20
0,0.9834157,1,23,18,20,3,2,7,1,3,9,1
1,0.6301902,1,7,9,34,1,3,14,7,2,8,1
0,0.22555165,1,29,4,0,1,1,14,7,5,9,1
0,0.37925723,1,5,14,30,1,1,1,1,15,9,30
1,0.9861817,1,1,18,4,1,1,7,1,3,9,1
0,0.30943587,1,22,10,55,1,1,1,1,15,9,30
0,0.4881637,1,28,10,35,1,1,14,7,4,9,1
0,0.09386086,1,12,17,15,1,1,14,7,3,9,1
1,0.43991277,1,8,17,0,1,1,14,7,6,9,1
0,0.54788584,12,19,7,20,1,1,7,8,3,9,1
0,0.31005827,1,4,14,5,1,1,14,7,5,9,1
1,-0.19554755,1,6,23,2,5,3,14,7,4,9,1
0,-0.20861636,1,12,6,50,1,1,1,1,12,9,30
0,0.5389565,1,6,20,50,2,3,1,1,15,9,30
1,0.76824784,1,16,10,15,1,3,1,1,18,7,30
0,0.28482375,1,4,18,0,5,2,1,7,15,9,30
1,0.3193161,1,26,7,28,1,1,1,7,15,9,30
1,0.59248644,1,29,15,10,1,1,14,1,5,9,1
0,0.42490578,1,8,6,24,1,1,14,7,3,7,1
0,0.6104008,1,14,16,5,1,1,1,7,15,9,30
1,1.0002166,1,5,10,30,1,3,14,7,5,9,1
0,0.30762887,1,17,9,5,1,1,14,7,5,8,1
0,0.18961929,1,28,8,15,2,1,1,8,12,7,30
1,0.70712566,1,17,15,30,2,2,14,7,4,9,1
0,0.5974548,1,21,16,7,1,1,7,7,4,9,1
0,0.26859352,1,30,19,0,1,1,1,7,13,9,30
0,0.3696077,12,24,15,46,1,1,0,7,0,0,20
0,0.4884924,12,27,11,58,5,4,14,7,3,9,1
0,0.6239354,1,29,13,50,1,1,1,1,15,9,30
0,0.1512895,1,2,17,10,3,2,0,7,0,0,20
0,0.67929906,12,25,15,46,1,1,14,7,3,9,1
0,0.17156425,1,18,16,34,1,1,1,7,15,9,30
0,0.3997123,1,14,9,28,1,1,14,7,2,9,1
1,0.58802855,1,30,9,41,1,1,14,7,3,9,1
1,1.0484034,1,3,12,7,1,1,1,7,12,9,30
1,0.6321542,1,26,8,35,2,1,14,7,4,9,1
0,0.9781425,1,13,17,52,5,4,14,7,3,8,1
0,0.40449563,1,18,9,2,1,1,1,1,14,9,30
1,0.26350346,1,29,5,8,1,1,14,7,5,9,1
1,0.07457101,1,30,13,55,2,1,1,7,17,9,30
0,0.6200421,1,4,16,15,1,1,7,7,2,9,1
0,0.07801348,1,25,15,32,2,2,14,7,3,9,1
0,-0.16799021,1,28,14,40,1,1,14,7,4,9,20
1,0.21962465,1,18,9,39,1,1,14,7,4,9,1
0,0.41697308,1,30,11,45,1,1,1,1,18,9,30
0,0.35282004,1,17,17,15,1,1,14,7,3,9,1
0,0.15446408,1,15,13,20,1,1,14,7,3,9,1
0,0.34832072,1,7,13,39,1,1,14,7,3,8,20
0,0.47104523,1,16,9,43,1,1,1,7,11,9,30
1,0.29961318,1,12,15,36,5,3,0,7,0,0,20
1,0.24313106,1,27,13,20,1,1,14,7,3,9,1
0,0.016332617,1,17,18,58,1,1,14,7,3,9,1
1,0.6492132,1,17,7,29,1,1,14,7,4,9,1
0,-0.16321813,1,18,8,46,1,1,14,7,3,9,20
1,0.18055138,12,25,15,10,5,4,14,7,2,9,1
1,0.8567874,12,29,11,5,1,1,14,7,5,9,1
1,1.374561,11,6,6,20,1,1,7,1,3,9,1
1,0.46076423,12,12,13,18,1,1,1,7,11,9,30
0,1.0682231,1,13,14,0,5,4,1,1,15,9,30
1,0.39827964,1,12,14,29,1,1,1,1,15,9,30
1,0.5092822,1,21,14,39,1,1,14,7,3,9,1
0,1.0438945,1,9,15,5,1,1,7,7,4,9,1
1,0.8806007,12,18,11,16,5,2,7,1,4,9,1
1,0.7997298,12,30,17,58,5,3,14,7,3,8,1
1,0.86227053,1,3,13,6,1,4,1,7,11,9,30
0,0.14869247,1,8,13,40,1,1,14,7,3,9,1
0,0.010837289,1,29,7,30,1,1,14,7,5,9,1
0,0.5153165,1,21,10,40,1,1,14,7,3,9,1
0,0.9150589,12,23,14,50,1,1,14,7,3,9,1
0,0.94817895,11,30,7,40,1,1,14,7,3,7,1
1,0.77400535,1,3,14,30,1,1,14,7,4,9,20
0,0.3226445,1,5,12,30,1,1,1,1,15,9,30
1,0.5487617,1,2,11,15,1,1,1,1,18,9,30
0,0.6096689,1,21,7,21,1,1,14,7,3,9,1
0,0.15462314,1,11,5,25,3,2,1,1,15,9,30
1,0.6183014,1,9,9,34,2,3,14,7,3,9,1
0,0.27526137,1,9,14,55,3,2,7,1,4,9,1
1,0.27747995,1,16,11,25,2,1,7,7,3,9,1
1,0.40782535,12,28,8,57,1,1,14,7,3,9,1
1,0.23323542,1,19,16,25,1,1,14,7,3,9,1
0,-0.0931738,1,28,16,55,1,1,1,7,12,5,30
1,0.40103018,1,6,19,2,1,3,7,7,3,9,1
0,0.21524645,1,9,17,50,1,1,1,8,18,9,30
1,1.170167,12,26,12,50,2,3,14,7,4,9,1
1,0.23713636,1,4,18,9,1,3,14,7,3,8,1
1,0.5156995,12,26,14,3,3,3,14,1,3,9,1
1,0.8175243,1,4,16,35,1,3,7,7,2,9,1
1,0.45906025,1,2,21,0,1,1,14,7,4,9,1
0,0.42750815,1,5,7,40,1,1,12,7,5,7,1
1,0.934203,1,4,19,14,1,3,7,1,6,8,1
0,0.7236604,1,6,12,42,5,3,1,7,15,9,30
1,1.0191054,1,9,11,6,1,1,14,1,3,9,1
1,0.64543927,1,22,17,0,5,2,7,1,3,9,1
1,1.0410011,11,25,23,43,1,1,7,3,5,9,1
1,0.3478817,1,30,15,57,1,1,1,7,15,3,30
1,0.58123904,1,5,16,20,1,1,14,7,2,9,1
1,0.68608356,1,11,17,20,2,1,7,7,3,9,1
0,0.23626539,1,21,7,30,1,1,14,7,3,9,1
1,0.39211458,1,17,17,44,1,1,14,7,3,9,1
1,0.16268136,1,19,22,30,1,1,1,7,12,8,30
0,0.34647316,1,15,6,5,1,1,1,7,15,9,30
0,0.94492996,1,2,11,25,1,1,14,7,3,9,1
1,0.4431129,1,11,12,35,3,2,1,1,19,9,30
1,0.49357483,12,24,18,25,2,1,1,7,11,9,30
1,0.9323889,1,6,16,30,5,3,13,7,3,2,1
1,0.48744366,1,25,19,28,2,1,14,7,3,9,1
1,0.58562404,1,7,18,12,1,1,0,7,0,0,20
1,0.3801874,12,27,19,40,1,1,1,1,19,9,30
1,0.015439622,1,7,11,48,1,1,1,1,15,9,30
0,0.028974405,1,27,19,31,1,1,14,7,3,8,1
0,0.2305958,1,3,17,10,2,1,1,7,11,9,30
1,0.04143248,1,6,9,45,1,1,1,7,15,9,30
1,0.61381984,1,7,10,55,1,1,14,7,3,9,1
1,0.5865707,12,28,6,50,1,4,1,7,12,9,30
1,0.3724098,1,2,22,10,1,1,14,7,3,9,1
1,1.0439365,12,18,4,30,1,1,0,7,0,0,20
1,0.10487238,1,6,16,50,1,1,14,1,2,9,1
1,0.3786008,12,17,21,40,5,4,14,7,4,9,1
1,0.6082867,1,31,2,17,1,1,1,7,11,9,30
1,0.6821724,12,11,12,45,1,1,1,1,19,9,30
0,0.21874313,1,21,5,20,1,1,1,1,15,9,30
0,0.3674789,1,4,8,48,1,1,12,7,4,9,1
0,0.2858317,12,24,11,5,1,1,1,1,14,9,30
1,0.8049326,1,24,10,17,1,1,14,7,3,9,1
0,0.6357496,1,18,16,25,1,1,14,7,4,8,1
1,-0.0049145576,1,16,11,25,1,1,14,7,3,9,1
0,0.20345409,1,26,15,47,1,1,1,7,11,9,30
1,1.1664981,1,16,17,0,1,1,0,7,0,0,20
1,-0.13218816,12,20,17,55,3,2,1,7,11,9,30
0,0.43391424,1,31,21,28,2,1,14,7,3,9,1
1,0.97081316,1,12,8,56,1,1,13,7,4,4,1
0,0.48472148,1,23,11,10,1,1,1,1,15,9,30
0,0.02064643,1,31,9,5,1,1,14,7,3,9,20
0,0.19984406,1,4,17,42,3,2,1,1,15,9,30
0,-0.11125934,1,31,9,30,1,1,1,1,15,9,30
1,0.7805275,12,17,17,32,1,1,14,7,1,9,1
0,0.7276035,1,6,13,50,5,4,1,7,14,9,30
1,0.7069167,1,15,18,0,1,1,14,1,3,9,1
1,0.16092622,1,14,11,54,1,1,1,1,15,9,30
0,0.1256305,1,16,12,30,1,1,14,7,3,9,1
1,0.6467268,1,16,12,58,1,1,1,1,19,9,30
0,0.42983532,1,9,10,5,1,1,1,1,15,9,30
0,0.09576574,1,25,16,32,1,1,14,7,1,8,20
1,0.8975207,12,29,11,0,1,1,14,7,3,9,1
1,0.5699402,12,30,1,25,1,1,1,1,17,3,30
0,0.48959103,1,5,17,34,1,1,14,7,2,8,20
0,0.686613,1,24,9,55,2,1,14,7,6,8,1
0,0.37501395,1,28,14,5,1,1,1,7,14,9,30
1,0.68755066,1,17,16,50,1,1,14,7,4,9,1
0,0.692973,1,6,11,32,5,2,0,7,0,0,20
1,0.78561884,12,18,11,31,5,4,1,4,15,9,30
1,0.78549635,12,26,9,55,1,1,1,1,14,9,30
0,-0.0364052,1,9,0,33,1,1,1,1,18,9,30
0,0.21469963,1,20,9,56,1,1,1,1,15,9,30
1,0.086210676,1,21,12,35,1,1,14,7,3,9,1
1,0.96041393,12,31,10,17,1,3,7,7,5,9,1
0,0.91942203,1,2,19,37,1,1,1,1,18,9,30
1,1.0365669,1,3,12,44,1,1,14,7,3,7,1
1,0.43255213,1,2,19,45,1,1,1,7,11,9,30
0,0.07845457,1,20,8,17,1,1,14,7,3,7,1
0,-0.0049245344,1,15,11,25,1,1,1,7,14,9,30
0,0.28842676,1,12,14,42,1,1,1,7,12,9,30
0,0.27733576,1,26,16,31,1,1,14,7,3,9,1
0,0.16746765,1,8,10,10,1,1,1,7,15,7,30
1,0.9176926,1,1,16,35,5,4,13,7,3,5,1
1,0.53686374,1,22,16,10,1,1,1,7,12,9,30
0,0.0596942,1,11,12,0,3,2,1,1,12,9,30
1,0.607738,1,10,14,45,1,1,14,7,4,9,1
1,0.57040477,1,6,10,23,2,1,14,7,4,9,1
0,1.0710009,1,18,14,0,2,4,1,1,18,9,30
1,0.59790117,1,3,11,18,1,1,14,7,3,9,1
0,0.25522107,1,11,13,5,3,2,14,7,3,7,1
1,0.53876346,1,22,12,18,1,1,14,7,3,9,1
0,0.961894,1,28,15,33,1,1,1,7,15,8,30
0,0.062004857,12,24,7,50,1,1,0,7,0,0,20
0,-0.040051043,1,31,10,5,1,1,1,7,17,9,30
1,0.30797955,11,27,13,58,1,1,0,7,0,0,20
1,0.38277757,12,23,11,46,1,1,1,7,15,9,30
1,0.86478573,1,20,12,9,1,1,1,7,15,9,30
0,0.63996243,11,21,1,45,1,1,13,7,2,5,1
0,0.63136333,1,24,11,0,1,1,1,1,15,9,30
0,0.07570118,1,16,9,14,2,2,14,7,3,9,1
0,-0.29321426,1,13,16,50,1,1,1,8,13,9,30
0,0.29667056,1,27,8,20,5,4,13,7,3,2,1
1,0.28784534,1,12,11,5,1,1,7,7,3,8,1
0,1.1159644,1,9,15,0,1,1,7,7,2,9,1
1,0.12974638,12,25,18,35,5,3,13,7,3,6,1
0,0.2140111,1,7,8,16,1,2,1,7,15,9,30
1,0.9292478,12,28,20,9,2,3,7,7,3,9,1
0,0.7102812,12,26,8,40,1,3,14,7,4,9,1
0,0.30755866,1,21,11,15,1,1,14,7,3,9,1
1,0.37584254,1,21,12,40,1,1,14,7,5,9,1
1,0.7334544,1,5,12,50,1,1,14,7,4,9,1
0,0.6109939,1,27,12,5,1,1,1,8,19,9,30
0,-0.37734583,1,11,18,48,3,2,1,1,15,6,30
0,0.38268685,1,28,17,5,2,1,1,7,13,9,30
0,0.99898964,1,6,15,47,5,4,14,7,5,9,1
0,0.73762566,1,25,15,9,2,1,14,7,5,9,1
1,0.05624059,1,21,17,43,1,1,1,7,15,9,30
0,0.6626498,1,9,12,10,1,1,13,7,3,3,1
1,0.6198862,1,4,13,50,1,1,7,2,3,9,1
1,0.9397702,1,24,11,5,1,1,14,7,4,9,1
0,0.557005,1,23,14,20,1,1,14,7,3,8,1
0,0.048229776,1,4,16,20,1,1,1,7,11,9,30
0,0.7822186,12,26,7,20,2,4,14,7,4,9,1
1,0.06377175,12,9,17,59,1,1,1,7,15,9,30
0,0.23396201,1,24,13,28,1,1,1,1,11,9,30
0,0.27639142,1,2,15,40,1,1,1,7,12,9,30
0,0.30593985,1,15,22,35,1,1,1,1,18,9,30
1,0.68959546,12,27,16,0,1,1,14,7,4,9,1
0,-0.047304105,1,15,13,20,1,1,14,7,3,9,20
1,0.7833747,1,9,12,10,1,1,14,7,3,9,1
0,0.66744685,1,22,16,2,1,1,14,7,3,9,1
0,0.314043,1,20,9,15,1,1,14,7,3,9,1
0,0.2574482,12,25,14,15,5,2,14,7,4,9,1
1,0.17264897,1,6,12,20,2,1,1,1,15,9,30
1,0.9821915,12,15,8,17,1,1,7,1,3,9,1
0,-0.008318171,1,20,20,30,1,1,1,1,11,9,30
1,0.35400847,1,31,7,50,1,1,1,7,12,9,30
0,0.3713209,1,20,13,12,2,1,14,7,2,9,1
1,0.40564793,1,21,7,10,1,1,1,7,12,9,30
1,0.4533739,12,8,17,18,2,1,1,7,16,9,30
1,0.42309466,12,10,16,15,1,1,1,7,11,8,30
1,1.1783751,1,5,13,23,1,4,7,1,5,9,1
1,0.31121105,12,25,15,40,3,2,14,7,3,9,20
1,0.12461646,1,28,8,55,1,1,1,1,15,9,30
0,1.0816905,1,19,9,7,2,1,0,7,0,0,20
0,0.19172893,1,29,18,10,1,1,1,7,16,9,30
0,0.36832047,1,17,12,20,1,1,14,7,3,8,1
1,-0.016691042,1,10,14,55,1,1,14,7,3,9,1
1,0.90241593,12,25,19,56,5,3,7,7,5,9,1
0,0.21265684,1,14,7,36,1,1,14,7,2,9,20
1,0.8656331,1,1,9,5,2,3,7,1,3,9,1
0,0.43841755,1,2,10,45,1,1,1,7,13,9,30
1,0.5178831,1,6,16,50,5,2,14,7,5,9,1
1,0.7028632,1,29,14,8,1,1,14,7,6,9,1
1,0.67069983,1,8,17,45,5,4,7,2,4,9,1
0,0.07133165,1,19,16,55,1,1,1,7,11,9,30
1,0.55849075,1,24,10,10,2,1,0,7,0,0,20
0,0.09347427,1,25,6,55,2,1,7,7,3,5,1
0,0.6488425,1,25,10,22,1,1,14,7,4,9,20
0,0.85010314,1,14,17,53,1,1,14,7,2,9,1
1,0.27175722,1,3,4,35,1,1,1,1,14,9,30
1,0.78970575,12,28,17,20,1,2,14,7,5,9,1
1,0.7565191,12,31,17,15,1,1,1,7,14,9,30
0,-0.0897014,1,25,19,50,2,1,1,7,15,9,30
1,0.34831187,1,17,18,25,1,1,14,7,3,9,1
0,0.30229366,1,15,13,30,1,1,1,1,18,9,30
0,1.1454484,12,30,13,30,1,1,1,1,16,7,30
